2025-09-27 15:13:42,504 - __main__ - INFO - 🚀 QR Bot запущено...
2025-09-27 15:13:42,643 - httpx - INFO - HTTP Request: POST https://api.telegram.org/bot8469388059:AAEwHHPNzR3oUzI6ai9E4p4CXDHI8mVjzo4/getMe "HTTP/1.1 200 OK"
2025-09-27 15:13:42,683 - httpx - INFO - HTTP Request: POST https://api.telegram.org/bot8469388059:AAEwHHPNzR3oUzI6ai9E4p4CXDHI8mVjzo4/deleteWebhook "HTTP/1.1 200 OK"
2025-09-27 15:13:42,684 - telegram.ext.Application - INFO - Application started
2025-09-27 15:13:52,804 - httpx - INFO - HTTP Request: POST https://api.telegram.org/bot8469388059:AAEwHHPNzR3oUzI6ai9E4p4CXDHI8mVjzo4/getUpdates "HTTP/1.1 200 OK"
2025-09-27 15:13:52,895 - httpx - INFO - HTTP Request: POST https://api.telegram.org/bot8469388059:AAEwHHPNzR3oUzI6ai9E4p4CXDHI8mVjzo4/getUpdates "HTTP/1.1 200 OK"
2025-09-27 15:13:53,080 - httpx - INFO - HTTP Request: POST https://api.telegram.org/bot8469388059:AAEwHHPNzR3oUzI6ai9E4p4CXDHI8mVjzo4/sendMessage "HTTP/1.1 200 OK"
2025-09-27 15:14:02,946 - httpx - INFO - HTTP Request: POST https://api.telegram.org/bot8469388059:AAEwHHPNzR3oUzI6ai9E4p4CXDHI8mVjzo4/getUpdates "HTTP/1.1 200 OK"
2025-09-27 15:14:03,392 - httpx - INFO - HTTP Request: POST https://api.telegram.org/bot8469388059:AAEwHHPNzR3oUzI6ai9E4p4CXDHI8mVjzo4/getUpdates "HTTP/1.1 200 OK"
2025-09-27 15:14:03,537 - httpx - INFO - HTTP Request: POST https://api.telegram.org/bot8469388059:AAEwHHPNzR3oUzI6ai9E4p4CXDHI8mVjzo4/answerCallbackQuery "HTTP/1.1 200 OK"
2025-09-27 15:14:07,438 - httpx - INFO - HTTP Request: POST https://api.telegram.org/bot8469388059:AAEwHHPNzR3oUzI6ai9E4p4CXDHI8mVjzo4/getUpdates "HTTP/1.1 200 OK"
2025-09-27 15:14:07,491 - httpx - INFO - HTTP Request: POST https://api.telegram.org/bot8469388059:AAEwHHPNzR3oUzI6ai9E4p4CXDHI8mVjzo4/answerCallbackQuery "HTTP/1.1 200 OK"
2025-09-27 15:14:07,555 - httpx - INFO - HTTP Request: POST https://api.telegram.org/bot8469388059:AAEwHHPNzR3oUzI6ai9E4p4CXDHI8mVjzo4/editMessageText "HTTP/1.1 200 OK"
2025-09-27 15:14:09,338 - httpx - INFO - HTTP Request: POST https://api.telegram.org/bot8469388059:AAEwHHPNzR3oUzI6ai9E4p4CXDHI8mVjzo4/getUpdates "HTTP/1.1 200 OK"
2025-09-27 15:14:09,489 - httpx - INFO - HTTP Request: POST https://api.telegram.org/bot8469388059:AAEwHHPNzR3oUzI6ai9E4p4CXDHI8mVjzo4/answerCallbackQuery "HTTP/1.1 200 OK"
2025-09-27 15:14:09,489 - telegram.ext.Application - ERROR - No error handlers are registered, logging exception.
Traceback (most recent call last):
  File "E:\python2\bots\qr_bot\.venv\Lib\site-packages\telegram\ext\_application.py", line 1315, in process_update
    await coroutine
  File "E:\python2\bots\qr_bot\.venv\Lib\site-packages\telegram\ext\_handlers\basehandler.py", line 159, in handle_update
    return await self.callback(update, context)
           ^^^^^^^^^^^^^^^^^^^^^^^^^^^^^^^^^^^^
  File "e:\python2\bots\qr_bot\handlers\main_handlers.py", line 53, in handle_callback_query
    await MainHandlers._handle_setting(query, context, data.split(":")[1])
          ^^^^^^^^^^^^^^^^^^^^^^^^^^^^
AttributeError: type object 'MainHandlers' has no attribute '_handle_setting'. Did you mean: '_handle_action'?
2025-09-27 15:14:13,626 - httpx - INFO - HTTP Request: POST https://api.telegram.org/bot8469388059:AAEwHHPNzR3oUzI6ai9E4p4CXDHI8mVjzo4/getUpdates "HTTP/1.1 200 OK"
2025-09-27 15:14:13,681 - httpx - INFO - HTTP Request: POST https://api.telegram.org/bot8469388059:AAEwHHPNzR3oUzI6ai9E4p4CXDHI8mVjzo4/answerCallbackQuery "HTTP/1.1 200 OK"
2025-09-27 15:14:13,682 - telegram.ext.Application - ERROR - No error handlers are registered, logging exception.
Traceback (most recent call last):
  File "E:\python2\bots\qr_bot\.venv\Lib\site-packages\telegram\ext\_application.py", line 1315, in process_update
    await coroutine
  File "E:\python2\bots\qr_bot\.venv\Lib\site-packages\telegram\ext\_handlers\basehandler.py", line 159, in handle_update
    return await self.callback(update, context)
           ^^^^^^^^^^^^^^^^^^^^^^^^^^^^^^^^^^^^
  File "e:\python2\bots\qr_bot\handlers\main_handlers.py", line 53, in handle_callback_query
    await MainHandlers._handle_setting(query, context, data.split(":")[1])
          ^^^^^^^^^^^^^^^^^^^^^^^^^^^^
AttributeError: type object 'MainHandlers' has no attribute '_handle_setting'. Did you mean: '_handle_action'?
2025-09-27 15:14:15,175 - httpx - INFO - HTTP Request: POST https://api.telegram.org/bot8469388059:AAEwHHPNzR3oUzI6ai9E4p4CXDHI8mVjzo4/getUpdates "HTTP/1.1 200 OK"
2025-09-27 15:14:15,235 - httpx - INFO - HTTP Request: POST https://api.telegram.org/bot8469388059:AAEwHHPNzR3oUzI6ai9E4p4CXDHI8mVjzo4/answerCallbackQuery "HTTP/1.1 200 OK"
2025-09-27 15:14:15,235 - telegram.ext.Application - ERROR - No error handlers are registered, logging exception.
Traceback (most recent call last):
  File "E:\python2\bots\qr_bot\.venv\Lib\site-packages\telegram\ext\_application.py", line 1315, in process_update
    await coroutine
  File "E:\python2\bots\qr_bot\.venv\Lib\site-packages\telegram\ext\_handlers\basehandler.py", line 159, in handle_update
    return await self.callback(update, context)
           ^^^^^^^^^^^^^^^^^^^^^^^^^^^^^^^^^^^^
  File "e:\python2\bots\qr_bot\handlers\main_handlers.py", line 53, in handle_callback_query
    await MainHandlers._handle_setting(query, context, data.split(":")[1])
          ^^^^^^^^^^^^^^^^^^^^^^^^^^^^
AttributeError: type object 'MainHandlers' has no attribute '_handle_setting'. Did you mean: '_handle_action'?
2025-09-27 15:14:15,944 - httpx - INFO - HTTP Request: POST https://api.telegram.org/bot8469388059:AAEwHHPNzR3oUzI6ai9E4p4CXDHI8mVjzo4/getUpdates "HTTP/1.1 200 OK"
2025-09-27 15:14:16,007 - httpx - INFO - HTTP Request: POST https://api.telegram.org/bot8469388059:AAEwHHPNzR3oUzI6ai9E4p4CXDHI8mVjzo4/answerCallbackQuery "HTTP/1.1 200 OK"
2025-09-27 15:14:16,008 - telegram.ext.Application - ERROR - No error handlers are registered, logging exception.
Traceback (most recent call last):
  File "E:\python2\bots\qr_bot\.venv\Lib\site-packages\telegram\ext\_application.py", line 1315, in process_update
    await coroutine
  File "E:\python2\bots\qr_bot\.venv\Lib\site-packages\telegram\ext\_handlers\basehandler.py", line 159, in handle_update
    return await self.callback(update, context)
           ^^^^^^^^^^^^^^^^^^^^^^^^^^^^^^^^^^^^
  File "e:\python2\bots\qr_bot\handlers\main_handlers.py", line 53, in handle_callback_query
    await MainHandlers._handle_setting(query, context, data.split(":")[1])
          ^^^^^^^^^^^^^^^^^^^^^^^^^^^^
AttributeError: type object 'MainHandlers' has no attribute '_handle_setting'. Did you mean: '_handle_action'?
2025-09-27 15:14:17,643 - httpx - INFO - HTTP Request: POST https://api.telegram.org/bot8469388059:AAEwHHPNzR3oUzI6ai9E4p4CXDHI8mVjzo4/getUpdates "HTTP/1.1 200 OK"
2025-09-27 15:14:17,722 - httpx - INFO - HTTP Request: POST https://api.telegram.org/bot8469388059:AAEwHHPNzR3oUzI6ai9E4p4CXDHI8mVjzo4/answerCallbackQuery "HTTP/1.1 200 OK"
2025-09-27 15:14:17,823 - httpx - INFO - HTTP Request: POST https://api.telegram.org/bot8469388059:AAEwHHPNzR3oUzI6ai9E4p4CXDHI8mVjzo4/editMessageText "HTTP/1.1 200 OK"
2025-09-27 15:14:19,305 - httpx - INFO - HTTP Request: POST https://api.telegram.org/bot8469388059:AAEwHHPNzR3oUzI6ai9E4p4CXDHI8mVjzo4/getUpdates "HTTP/1.1 200 OK"
2025-09-27 15:14:19,439 - httpx - INFO - HTTP Request: POST https://api.telegram.org/bot8469388059:AAEwHHPNzR3oUzI6ai9E4p4CXDHI8mVjzo4/answerCallbackQuery "HTTP/1.1 200 OK"
2025-09-27 15:14:19,570 - httpx - INFO - HTTP Request: POST https://api.telegram.org/bot8469388059:AAEwHHPNzR3oUzI6ai9E4p4CXDHI8mVjzo4/editMessageText "HTTP/1.1 200 OK"
2025-09-27 15:14:21,809 - httpx - INFO - HTTP Request: POST https://api.telegram.org/bot8469388059:AAEwHHPNzR3oUzI6ai9E4p4CXDHI8mVjzo4/getUpdates "HTTP/1.1 200 OK"
2025-09-27 15:14:21,950 - httpx - INFO - HTTP Request: POST https://api.telegram.org/bot8469388059:AAEwHHPNzR3oUzI6ai9E4p4CXDHI8mVjzo4/answerCallbackQuery "HTTP/1.1 200 OK"
2025-09-27 15:14:21,950 - telegram.ext.Application - ERROR - No error handlers are registered, logging exception.
Traceback (most recent call last):
  File "E:\python2\bots\qr_bot\.venv\Lib\site-packages\telegram\ext\_application.py", line 1315, in process_update
    await coroutine
  File "E:\python2\bots\qr_bot\.venv\Lib\site-packages\telegram\ext\_handlers\basehandler.py", line 159, in handle_update
    return await self.callback(update, context)
           ^^^^^^^^^^^^^^^^^^^^^^^^^^^^^^^^^^^^
  File "e:\python2\bots\qr_bot\handlers\main_handlers.py", line 51, in handle_callback_query
    await MainHandlers._handle_template(query, context, data.split(":")[1])
          ^^^^^^^^^^^^^^^^^^^^^^^^^^^^^
AttributeError: type object 'MainHandlers' has no attribute '_handle_template'
2025-09-27 15:14:25,865 - httpx - INFO - HTTP Request: POST https://api.telegram.org/bot8469388059:AAEwHHPNzR3oUzI6ai9E4p4CXDHI8mVjzo4/getUpdates "HTTP/1.1 200 OK"
2025-09-27 15:14:25,920 - httpx - INFO - HTTP Request: POST https://api.telegram.org/bot8469388059:AAEwHHPNzR3oUzI6ai9E4p4CXDHI8mVjzo4/answerCallbackQuery "HTTP/1.1 200 OK"
2025-09-27 15:14:25,921 - telegram.ext.Application - ERROR - No error handlers are registered, logging exception.
Traceback (most recent call last):
  File "E:\python2\bots\qr_bot\.venv\Lib\site-packages\telegram\ext\_application.py", line 1315, in process_update
    await coroutine
  File "E:\python2\bots\qr_bot\.venv\Lib\site-packages\telegram\ext\_handlers\basehandler.py", line 159, in handle_update
    return await self.callback(update, context)
           ^^^^^^^^^^^^^^^^^^^^^^^^^^^^^^^^^^^^
  File "e:\python2\bots\qr_bot\handlers\main_handlers.py", line 51, in handle_callback_query
    await MainHandlers._handle_template(query, context, data.split(":")[1])
          ^^^^^^^^^^^^^^^^^^^^^^^^^^^^^
AttributeError: type object 'MainHandlers' has no attribute '_handle_template'
2025-09-27 15:14:26,793 - httpx - INFO - HTTP Request: POST https://api.telegram.org/bot8469388059:AAEwHHPNzR3oUzI6ai9E4p4CXDHI8mVjzo4/getUpdates "HTTP/1.1 200 OK"
2025-09-27 15:14:26,864 - httpx - INFO - HTTP Request: POST https://api.telegram.org/bot8469388059:AAEwHHPNzR3oUzI6ai9E4p4CXDHI8mVjzo4/answerCallbackQuery "HTTP/1.1 200 OK"
2025-09-27 15:14:26,864 - telegram.ext.Application - ERROR - No error handlers are registered, logging exception.
Traceback (most recent call last):
  File "E:\python2\bots\qr_bot\.venv\Lib\site-packages\telegram\ext\_application.py", line 1315, in process_update
    await coroutine
  File "E:\python2\bots\qr_bot\.venv\Lib\site-packages\telegram\ext\_handlers\basehandler.py", line 159, in handle_update
    return await self.callback(update, context)
           ^^^^^^^^^^^^^^^^^^^^^^^^^^^^^^^^^^^^
  File "e:\python2\bots\qr_bot\handlers\main_handlers.py", line 51, in handle_callback_query
    await MainHandlers._handle_template(query, context, data.split(":")[1])
          ^^^^^^^^^^^^^^^^^^^^^^^^^^^^^
AttributeError: type object 'MainHandlers' has no attribute '_handle_template'
2025-09-27 15:14:27,807 - httpx - INFO - HTTP Request: POST https://api.telegram.org/bot8469388059:AAEwHHPNzR3oUzI6ai9E4p4CXDHI8mVjzo4/getUpdates "HTTP/1.1 200 OK"
2025-09-27 15:14:27,908 - httpx - INFO - HTTP Request: POST https://api.telegram.org/bot8469388059:AAEwHHPNzR3oUzI6ai9E4p4CXDHI8mVjzo4/answerCallbackQuery "HTTP/1.1 200 OK"
2025-09-27 15:14:27,909 - telegram.ext.Application - ERROR - No error handlers are registered, logging exception.
Traceback (most recent call last):
  File "E:\python2\bots\qr_bot\.venv\Lib\site-packages\telegram\ext\_application.py", line 1315, in process_update
    await coroutine
  File "E:\python2\bots\qr_bot\.venv\Lib\site-packages\telegram\ext\_handlers\basehandler.py", line 159, in handle_update
    return await self.callback(update, context)
           ^^^^^^^^^^^^^^^^^^^^^^^^^^^^^^^^^^^^
  File "e:\python2\bots\qr_bot\handlers\main_handlers.py", line 51, in handle_callback_query
    await MainHandlers._handle_template(query, context, data.split(":")[1])
          ^^^^^^^^^^^^^^^^^^^^^^^^^^^^^
AttributeError: type object 'MainHandlers' has no attribute '_handle_template'
2025-09-27 15:14:37,851 - httpx - INFO - HTTP Request: POST https://api.telegram.org/bot8469388059:AAEwHHPNzR3oUzI6ai9E4p4CXDHI8mVjzo4/getUpdates "HTTP/1.1 200 OK"
2025-09-27 15:14:44,176 - httpx - INFO - HTTP Request: POST https://api.telegram.org/bot8469388059:AAEwHHPNzR3oUzI6ai9E4p4CXDHI8mVjzo4/getUpdates "HTTP/1.1 200 OK"
2025-09-27 15:14:44,322 - httpx - INFO - HTTP Request: POST https://api.telegram.org/bot8469388059:AAEwHHPNzR3oUzI6ai9E4p4CXDHI8mVjzo4/answerCallbackQuery "HTTP/1.1 200 OK"
2025-09-27 15:14:44,322 - telegram.ext.Application - ERROR - No error handlers are registered, logging exception.
Traceback (most recent call last):
  File "E:\python2\bots\qr_bot\.venv\Lib\site-packages\telegram\ext\_application.py", line 1315, in process_update
    await coroutine
  File "E:\python2\bots\qr_bot\.venv\Lib\site-packages\telegram\ext\_handlers\basehandler.py", line 159, in handle_update
    return await self.callback(update, context)
           ^^^^^^^^^^^^^^^^^^^^^^^^^^^^^^^^^^^^
  File "e:\python2\bots\qr_bot\handlers\main_handlers.py", line 51, in handle_callback_query
    await MainHandlers._handle_template(query, context, data.split(":")[1])
          ^^^^^^^^^^^^^^^^^^^^^^^^^^^^^
AttributeError: type object 'MainHandlers' has no attribute '_handle_template'
2025-09-27 15:14:45,256 - httpx - INFO - HTTP Request: POST https://api.telegram.org/bot8469388059:AAEwHHPNzR3oUzI6ai9E4p4CXDHI8mVjzo4/getUpdates "HTTP/1.1 200 OK"
2025-09-27 15:14:45,330 - httpx - INFO - HTTP Request: POST https://api.telegram.org/bot8469388059:AAEwHHPNzR3oUzI6ai9E4p4CXDHI8mVjzo4/answerCallbackQuery "HTTP/1.1 200 OK"
2025-09-27 15:14:45,392 - httpx - INFO - HTTP Request: POST https://api.telegram.org/bot8469388059:AAEwHHPNzR3oUzI6ai9E4p4CXDHI8mVjzo4/editMessageText "HTTP/1.1 200 OK"
2025-09-27 15:14:55,063 - httpx - INFO - HTTP Request: POST https://api.telegram.org/bot8469388059:AAEwHHPNzR3oUzI6ai9E4p4CXDHI8mVjzo4/getUpdates "HTTP/1.1 200 OK"
2025-09-27 15:14:55,193 - httpx - INFO - HTTP Request: POST https://api.telegram.org/bot8469388059:AAEwHHPNzR3oUzI6ai9E4p4CXDHI8mVjzo4/answerCallbackQuery "HTTP/1.1 200 OK"
2025-09-27 15:14:55,277 - httpx - INFO - HTTP Request: POST https://api.telegram.org/bot8469388059:AAEwHHPNzR3oUzI6ai9E4p4CXDHI8mVjzo4/editMessageText "HTTP/1.1 200 OK"
2025-09-27 15:14:56,740 - httpx - INFO - HTTP Request: POST https://api.telegram.org/bot8469388059:AAEwHHPNzR3oUzI6ai9E4p4CXDHI8mVjzo4/getUpdates "HTTP/1.1 200 OK"
2025-09-27 15:14:56,835 - httpx - INFO - HTTP Request: POST https://api.telegram.org/bot8469388059:AAEwHHPNzR3oUzI6ai9E4p4CXDHI8mVjzo4/answerCallbackQuery "HTTP/1.1 200 OK"
2025-09-27 15:14:56,937 - httpx - INFO - HTTP Request: POST https://api.telegram.org/bot8469388059:AAEwHHPNzR3oUzI6ai9E4p4CXDHI8mVjzo4/editMessageText "HTTP/1.1 200 OK"
2025-09-27 15:14:57,624 - httpx - INFO - HTTP Request: POST https://api.telegram.org/bot8469388059:AAEwHHPNzR3oUzI6ai9E4p4CXDHI8mVjzo4/getUpdates "HTTP/1.1 200 OK"
2025-09-27 15:14:57,675 - httpx - INFO - HTTP Request: POST https://api.telegram.org/bot8469388059:AAEwHHPNzR3oUzI6ai9E4p4CXDHI8mVjzo4/answerCallbackQuery "HTTP/1.1 200 OK"
2025-09-27 15:14:58,843 - httpx - INFO - HTTP Request: POST https://api.telegram.org/bot8469388059:AAEwHHPNzR3oUzI6ai9E4p4CXDHI8mVjzo4/getUpdates "HTTP/1.1 200 OK"
2025-09-27 15:14:58,917 - httpx - INFO - HTTP Request: POST https://api.telegram.org/bot8469388059:AAEwHHPNzR3oUzI6ai9E4p4CXDHI8mVjzo4/answerCallbackQuery "HTTP/1.1 200 OK"
2025-09-27 15:14:58,921 - telegram.ext.Application - ERROR - No error handlers are registered, logging exception.
Traceback (most recent call last):
  File "E:\python2\bots\qr_bot\.venv\Lib\site-packages\telegram\ext\_application.py", line 1315, in process_update
    await coroutine
  File "E:\python2\bots\qr_bot\.venv\Lib\site-packages\telegram\ext\_handlers\basehandler.py", line 159, in handle_update
    return await self.callback(update, context)
           ^^^^^^^^^^^^^^^^^^^^^^^^^^^^^^^^^^^^
  File "e:\python2\bots\qr_bot\handlers\main_handlers.py", line 49, in handle_callback_query
    await MainHandlers._handle_action(query, context, data.split(":")[1])
  File "e:\python2\bots\qr_bot\handlers\main_handlers.py", line 72, in _handle_action
    await MainHandlers._show_stats(query, context)
  File "e:\python2\bots\qr_bot\handlers\main_handlers.py", line 102, in _show_stats
    keyboard = [[InlineKeyboardButton("⬅️ Назад", callback_data="action:main")]]
                 ^^^^^^^^^^^^^^^^^^^^
NameError: name 'InlineKeyboardButton' is not defined. Did you mean: 'InlineKeyboards'?
2025-09-27 15:14:59,941 - httpx - INFO - HTTP Request: POST https://api.telegram.org/bot8469388059:AAEwHHPNzR3oUzI6ai9E4p4CXDHI8mVjzo4/getUpdates "HTTP/1.1 200 OK"
2025-09-27 15:14:59,997 - httpx - INFO - HTTP Request: POST https://api.telegram.org/bot8469388059:AAEwHHPNzR3oUzI6ai9E4p4CXDHI8mVjzo4/answerCallbackQuery "HTTP/1.1 200 OK"
2025-09-27 15:14:59,997 - telegram.ext.Application - ERROR - No error handlers are registered, logging exception.
Traceback (most recent call last):
  File "E:\python2\bots\qr_bot\.venv\Lib\site-packages\telegram\ext\_application.py", line 1315, in process_update
    await coroutine
  File "E:\python2\bots\qr_bot\.venv\Lib\site-packages\telegram\ext\_handlers\basehandler.py", line 159, in handle_update
    return await self.callback(update, context)
           ^^^^^^^^^^^^^^^^^^^^^^^^^^^^^^^^^^^^
  File "e:\python2\bots\qr_bot\handlers\main_handlers.py", line 49, in handle_callback_query
    await MainHandlers._handle_action(query, context, data.split(":")[1])
  File "e:\python2\bots\qr_bot\handlers\main_handlers.py", line 74, in _handle_action
    await MainHandlers._show_history(query, context)
          ^^^^^^^^^^^^^^^^^^^^^^^^^^
AttributeError: type object 'MainHandlers' has no attribute '_show_history'
2025-09-27 15:15:02,433 - httpx - INFO - HTTP Request: POST https://api.telegram.org/bot8469388059:AAEwHHPNzR3oUzI6ai9E4p4CXDHI8mVjzo4/getUpdates "HTTP/1.1 200 OK"
2025-09-27 15:15:02,522 - httpx - INFO - HTTP Request: POST https://api.telegram.org/bot8469388059:AAEwHHPNzR3oUzI6ai9E4p4CXDHI8mVjzo4/answerCallbackQuery "HTTP/1.1 200 OK"
2025-09-27 15:15:02,523 - telegram.ext.Application - ERROR - No error handlers are registered, logging exception.
Traceback (most recent call last):
  File "E:\python2\bots\qr_bot\.venv\Lib\site-packages\telegram\ext\_application.py", line 1315, in process_update
    await coroutine
  File "E:\python2\bots\qr_bot\.venv\Lib\site-packages\telegram\ext\_handlers\basehandler.py", line 159, in handle_update
    return await self.callback(update, context)
           ^^^^^^^^^^^^^^^^^^^^^^^^^^^^^^^^^^^^
  File "e:\python2\bots\qr_bot\handlers\main_handlers.py", line 49, in handle_callback_query
    await MainHandlers._handle_action(query, context, data.split(":")[1])
  File "e:\python2\bots\qr_bot\handlers\main_handlers.py", line 76, in _handle_action
    await MainHandlers._show_help(query, context)
          ^^^^^^^^^^^^^^^^^^^^^^^
AttributeError: type object 'MainHandlers' has no attribute '_show_help'
2025-09-27 15:15:12,475 - httpx - INFO - HTTP Request: POST https://api.telegram.org/bot8469388059:AAEwHHPNzR3oUzI6ai9E4p4CXDHI8mVjzo4/getUpdates "HTTP/1.1 200 OK"
2025-09-27 15:15:22,515 - httpx - INFO - HTTP Request: POST https://api.telegram.org/bot8469388059:AAEwHHPNzR3oUzI6ai9E4p4CXDHI8mVjzo4/getUpdates "HTTP/1.1 200 OK"
2025-09-27 15:15:32,555 - httpx - INFO - HTTP Request: POST https://api.telegram.org/bot8469388059:AAEwHHPNzR3oUzI6ai9E4p4CXDHI8mVjzo4/getUpdates "HTTP/1.1 200 OK"
2025-09-27 15:15:38,141 - httpx - INFO - HTTP Request: POST https://api.telegram.org/bot8469388059:AAEwHHPNzR3oUzI6ai9E4p4CXDHI8mVjzo4/getUpdates "HTTP/1.1 200 OK"
2025-09-27 15:15:38,414 - httpx - INFO - HTTP Request: POST https://api.telegram.org/bot8469388059:AAEwHHPNzR3oUzI6ai9E4p4CXDHI8mVjzo4/answerCallbackQuery "HTTP/1.1 200 OK"
2025-09-27 15:15:38,606 - httpx - INFO - HTTP Request: POST https://api.telegram.org/bot8469388059:AAEwHHPNzR3oUzI6ai9E4p4CXDHI8mVjzo4/editMessageText "HTTP/1.1 200 OK"
2025-09-27 15:15:41,748 - httpx - INFO - HTTP Request: POST https://api.telegram.org/bot8469388059:AAEwHHPNzR3oUzI6ai9E4p4CXDHI8mVjzo4/getUpdates "HTTP/1.1 200 OK"
2025-09-27 15:15:41,795 - httpx - INFO - HTTP Request: POST https://api.telegram.org/bot8469388059:AAEwHHPNzR3oUzI6ai9E4p4CXDHI8mVjzo4/answerCallbackQuery "HTTP/1.1 200 OK"
2025-09-27 15:15:41,796 - telegram.ext.Application - ERROR - No error handlers are registered, logging exception.
Traceback (most recent call last):
  File "E:\python2\bots\qr_bot\.venv\Lib\site-packages\telegram\ext\_application.py", line 1315, in process_update
    await coroutine
  File "E:\python2\bots\qr_bot\.venv\Lib\site-packages\telegram\ext\_handlers\basehandler.py", line 159, in handle_update
    return await self.callback(update, context)
           ^^^^^^^^^^^^^^^^^^^^^^^^^^^^^^^^^^^^
  File "e:\python2\bots\qr_bot\handlers\main_handlers.py", line 51, in handle_callback_query
    await MainHandlers._handle_template(query, context, data.split(":")[1])
          ^^^^^^^^^^^^^^^^^^^^^^^^^^^^^
AttributeError: type object 'MainHandlers' has no attribute '_handle_template'
2025-09-27 15:15:42,674 - httpx - INFO - HTTP Request: POST https://api.telegram.org/bot8469388059:AAEwHHPNzR3oUzI6ai9E4p4CXDHI8mVjzo4/getUpdates "HTTP/1.1 200 OK"
2025-09-27 15:15:42,744 - httpx - INFO - HTTP Request: POST https://api.telegram.org/bot8469388059:AAEwHHPNzR3oUzI6ai9E4p4CXDHI8mVjzo4/answerCallbackQuery "HTTP/1.1 200 OK"
2025-09-27 15:15:42,745 - telegram.ext.Application - ERROR - No error handlers are registered, logging exception.
Traceback (most recent call last):
  File "E:\python2\bots\qr_bot\.venv\Lib\site-packages\telegram\ext\_application.py", line 1315, in process_update
    await coroutine
  File "E:\python2\bots\qr_bot\.venv\Lib\site-packages\telegram\ext\_handlers\basehandler.py", line 159, in handle_update
    return await self.callback(update, context)
           ^^^^^^^^^^^^^^^^^^^^^^^^^^^^^^^^^^^^
  File "e:\python2\bots\qr_bot\handlers\main_handlers.py", line 51, in handle_callback_query
    await MainHandlers._handle_template(query, context, data.split(":")[1])
          ^^^^^^^^^^^^^^^^^^^^^^^^^^^^^
AttributeError: type object 'MainHandlers' has no attribute '_handle_template'
2025-09-27 15:15:43,325 - httpx - INFO - HTTP Request: POST https://api.telegram.org/bot8469388059:AAEwHHPNzR3oUzI6ai9E4p4CXDHI8mVjzo4/getUpdates "HTTP/1.1 200 OK"
2025-09-27 15:15:43,378 - httpx - INFO - HTTP Request: POST https://api.telegram.org/bot8469388059:AAEwHHPNzR3oUzI6ai9E4p4CXDHI8mVjzo4/answerCallbackQuery "HTTP/1.1 200 OK"
2025-09-27 15:15:43,379 - telegram.ext.Application - ERROR - No error handlers are registered, logging exception.
Traceback (most recent call last):
  File "E:\python2\bots\qr_bot\.venv\Lib\site-packages\telegram\ext\_application.py", line 1315, in process_update
    await coroutine
  File "E:\python2\bots\qr_bot\.venv\Lib\site-packages\telegram\ext\_handlers\basehandler.py", line 159, in handle_update
    return await self.callback(update, context)
           ^^^^^^^^^^^^^^^^^^^^^^^^^^^^^^^^^^^^
  File "e:\python2\bots\qr_bot\handlers\main_handlers.py", line 51, in handle_callback_query
    await MainHandlers._handle_template(query, context, data.split(":")[1])
          ^^^^^^^^^^^^^^^^^^^^^^^^^^^^^
AttributeError: type object 'MainHandlers' has no attribute '_handle_template'
2025-09-27 15:15:43,953 - httpx - INFO - HTTP Request: POST https://api.telegram.org/bot8469388059:AAEwHHPNzR3oUzI6ai9E4p4CXDHI8mVjzo4/getUpdates "HTTP/1.1 200 OK"
2025-09-27 15:15:44,018 - httpx - INFO - HTTP Request: POST https://api.telegram.org/bot8469388059:AAEwHHPNzR3oUzI6ai9E4p4CXDHI8mVjzo4/answerCallbackQuery "HTTP/1.1 200 OK"
2025-09-27 15:15:44,018 - telegram.ext.Application - ERROR - No error handlers are registered, logging exception.
Traceback (most recent call last):
  File "E:\python2\bots\qr_bot\.venv\Lib\site-packages\telegram\ext\_application.py", line 1315, in process_update
    await coroutine
  File "E:\python2\bots\qr_bot\.venv\Lib\site-packages\telegram\ext\_handlers\basehandler.py", line 159, in handle_update
    return await self.callback(update, context)
           ^^^^^^^^^^^^^^^^^^^^^^^^^^^^^^^^^^^^
  File "e:\python2\bots\qr_bot\handlers\main_handlers.py", line 51, in handle_callback_query
    await MainHandlers._handle_template(query, context, data.split(":")[1])
          ^^^^^^^^^^^^^^^^^^^^^^^^^^^^^
AttributeError: type object 'MainHandlers' has no attribute '_handle_template'
2025-09-27 15:15:44,642 - httpx - INFO - HTTP Request: POST https://api.telegram.org/bot8469388059:AAEwHHPNzR3oUzI6ai9E4p4CXDHI8mVjzo4/getUpdates "HTTP/1.1 200 OK"
2025-09-27 15:15:44,753 - httpx - INFO - HTTP Request: POST https://api.telegram.org/bot8469388059:AAEwHHPNzR3oUzI6ai9E4p4CXDHI8mVjzo4/answerCallbackQuery "HTTP/1.1 200 OK"
2025-09-27 15:15:44,754 - telegram.ext.Application - ERROR - No error handlers are registered, logging exception.
Traceback (most recent call last):
  File "E:\python2\bots\qr_bot\.venv\Lib\site-packages\telegram\ext\_application.py", line 1315, in process_update
    await coroutine
  File "E:\python2\bots\qr_bot\.venv\Lib\site-packages\telegram\ext\_handlers\basehandler.py", line 159, in handle_update
    return await self.callback(update, context)
           ^^^^^^^^^^^^^^^^^^^^^^^^^^^^^^^^^^^^
  File "e:\python2\bots\qr_bot\handlers\main_handlers.py", line 51, in handle_callback_query
    await MainHandlers._handle_template(query, context, data.split(":")[1])
          ^^^^^^^^^^^^^^^^^^^^^^^^^^^^^
AttributeError: type object 'MainHandlers' has no attribute '_handle_template'
2025-09-27 15:15:46,481 - httpx - INFO - HTTP Request: POST https://api.telegram.org/bot8469388059:AAEwHHPNzR3oUzI6ai9E4p4CXDHI8mVjzo4/getUpdates "HTTP/1.1 200 OK"
2025-09-27 15:15:46,535 - httpx - INFO - HTTP Request: POST https://api.telegram.org/bot8469388059:AAEwHHPNzR3oUzI6ai9E4p4CXDHI8mVjzo4/answerCallbackQuery "HTTP/1.1 200 OK"
2025-09-27 15:15:46,535 - telegram.ext.Application - ERROR - No error handlers are registered, logging exception.
Traceback (most recent call last):
  File "E:\python2\bots\qr_bot\.venv\Lib\site-packages\telegram\ext\_application.py", line 1315, in process_update
    await coroutine
  File "E:\python2\bots\qr_bot\.venv\Lib\site-packages\telegram\ext\_handlers\basehandler.py", line 159, in handle_update
    return await self.callback(update, context)
           ^^^^^^^^^^^^^^^^^^^^^^^^^^^^^^^^^^^^
  File "e:\python2\bots\qr_bot\handlers\main_handlers.py", line 51, in handle_callback_query
    await MainHandlers._handle_template(query, context, data.split(":")[1])
          ^^^^^^^^^^^^^^^^^^^^^^^^^^^^^
AttributeError: type object 'MainHandlers' has no attribute '_handle_template'
2025-09-27 15:15:56,523 - httpx - INFO - HTTP Request: POST https://api.telegram.org/bot8469388059:AAEwHHPNzR3oUzI6ai9E4p4CXDHI8mVjzo4/getUpdates "HTTP/1.1 200 OK"
2025-09-27 15:16:06,564 - httpx - INFO - HTTP Request: POST https://api.telegram.org/bot8469388059:AAEwHHPNzR3oUzI6ai9E4p4CXDHI8mVjzo4/getUpdates "HTTP/1.1 200 OK"
2025-09-27 15:16:16,604 - httpx - INFO - HTTP Request: POST https://api.telegram.org/bot8469388059:AAEwHHPNzR3oUzI6ai9E4p4CXDHI8mVjzo4/getUpdates "HTTP/1.1 200 OK"
2025-09-27 15:16:26,645 - httpx - INFO - HTTP Request: POST https://api.telegram.org/bot8469388059:AAEwHHPNzR3oUzI6ai9E4p4CXDHI8mVjzo4/getUpdates "HTTP/1.1 200 OK"
2025-09-27 15:16:36,685 - httpx - INFO - HTTP Request: POST https://api.telegram.org/bot8469388059:AAEwHHPNzR3oUzI6ai9E4p4CXDHI8mVjzo4/getUpdates "HTTP/1.1 200 OK"
2025-09-27 15:16:46,725 - httpx - INFO - HTTP Request: POST https://api.telegram.org/bot8469388059:AAEwHHPNzR3oUzI6ai9E4p4CXDHI8mVjzo4/getUpdates "HTTP/1.1 200 OK"
2025-09-27 15:18:02,295 - __main__ - INFO - 🚀 QR Bot запущено...
2025-09-27 15:18:02,434 - httpx - INFO - HTTP Request: POST https://api.telegram.org/bot8469388059:AAEwHHPNzR3oUzI6ai9E4p4CXDHI8mVjzo4/getMe "HTTP/1.1 200 OK"
2025-09-27 15:18:02,474 - httpx - INFO - HTTP Request: POST https://api.telegram.org/bot8469388059:AAEwHHPNzR3oUzI6ai9E4p4CXDHI8mVjzo4/deleteWebhook "HTTP/1.1 200 OK"
2025-09-27 15:18:02,475 - telegram.ext.Application - INFO - Application started
2025-09-27 15:18:07,848 - httpx - INFO - HTTP Request: POST https://api.telegram.org/bot8469388059:AAEwHHPNzR3oUzI6ai9E4p4CXDHI8mVjzo4/getUpdates "HTTP/1.1 200 OK"
2025-09-27 15:18:07,997 - httpx - INFO - HTTP Request: POST https://api.telegram.org/bot8469388059:AAEwHHPNzR3oUzI6ai9E4p4CXDHI8mVjzo4/sendMessage "HTTP/1.1 200 OK"
2025-09-27 15:18:09,098 - httpx - INFO - HTTP Request: POST https://api.telegram.org/bot8469388059:AAEwHHPNzR3oUzI6ai9E4p4CXDHI8mVjzo4/getUpdates "HTTP/1.1 200 OK"
2025-09-27 15:18:09,173 - httpx - INFO - HTTP Request: POST https://api.telegram.org/bot8469388059:AAEwHHPNzR3oUzI6ai9E4p4CXDHI8mVjzo4/answerCallbackQuery "HTTP/1.1 200 OK"
2025-09-27 15:18:09,260 - httpx - INFO - HTTP Request: POST https://api.telegram.org/bot8469388059:AAEwHHPNzR3oUzI6ai9E4p4CXDHI8mVjzo4/editMessageText "HTTP/1.1 200 OK"
2025-09-27 15:18:09,880 - httpx - INFO - HTTP Request: POST https://api.telegram.org/bot8469388059:AAEwHHPNzR3oUzI6ai9E4p4CXDHI8mVjzo4/getUpdates "HTTP/1.1 200 OK"
2025-09-27 15:18:09,938 - httpx - INFO - HTTP Request: POST https://api.telegram.org/bot8469388059:AAEwHHPNzR3oUzI6ai9E4p4CXDHI8mVjzo4/answerCallbackQuery "HTTP/1.1 200 OK"
2025-09-27 15:18:09,938 - telegram.ext.Application - ERROR - No error handlers are registered, logging exception.
Traceback (most recent call last):
  File "E:\python2\bots\qr_bot\.venv\Lib\site-packages\telegram\ext\_application.py", line 1315, in process_update
    await coroutine
  File "E:\python2\bots\qr_bot\.venv\Lib\site-packages\telegram\ext\_handlers\basehandler.py", line 159, in handle_update
    return await self.callback(update, context)
           ^^^^^^^^^^^^^^^^^^^^^^^^^^^^^^^^^^^^
  File "e:\python2\bots\qr_bot\handlers\main_handlers.py", line 51, in handle_callback_query
    await MainHandlers._handle_template(query, context, data.split(":")[1])
          ^^^^^^^^^^^^^^^^^^^^^^^^^^^^^
AttributeError: type object 'MainHandlers' has no attribute '_handle_template'
2025-09-27 15:18:10,702 - httpx - INFO - HTTP Request: POST https://api.telegram.org/bot8469388059:AAEwHHPNzR3oUzI6ai9E4p4CXDHI8mVjzo4/getUpdates "HTTP/1.1 200 OK"
2025-09-27 15:18:10,755 - httpx - INFO - HTTP Request: POST https://api.telegram.org/bot8469388059:AAEwHHPNzR3oUzI6ai9E4p4CXDHI8mVjzo4/answerCallbackQuery "HTTP/1.1 200 OK"
2025-09-27 15:18:10,755 - telegram.ext.Application - ERROR - No error handlers are registered, logging exception.
Traceback (most recent call last):
  File "E:\python2\bots\qr_bot\.venv\Lib\site-packages\telegram\ext\_application.py", line 1315, in process_update
    await coroutine
  File "E:\python2\bots\qr_bot\.venv\Lib\site-packages\telegram\ext\_handlers\basehandler.py", line 159, in handle_update
    return await self.callback(update, context)
           ^^^^^^^^^^^^^^^^^^^^^^^^^^^^^^^^^^^^
  File "e:\python2\bots\qr_bot\handlers\main_handlers.py", line 51, in handle_callback_query
    await MainHandlers._handle_template(query, context, data.split(":")[1])
          ^^^^^^^^^^^^^^^^^^^^^^^^^^^^^
AttributeError: type object 'MainHandlers' has no attribute '_handle_template'
2025-09-27 15:18:11,281 - httpx - INFO - HTTP Request: POST https://api.telegram.org/bot8469388059:AAEwHHPNzR3oUzI6ai9E4p4CXDHI8mVjzo4/getUpdates "HTTP/1.1 200 OK"
2025-09-27 15:18:11,405 - httpx - INFO - HTTP Request: POST https://api.telegram.org/bot8469388059:AAEwHHPNzR3oUzI6ai9E4p4CXDHI8mVjzo4/answerCallbackQuery "HTTP/1.1 200 OK"
2025-09-27 15:18:11,406 - telegram.ext.Application - ERROR - No error handlers are registered, logging exception.
Traceback (most recent call last):
  File "E:\python2\bots\qr_bot\.venv\Lib\site-packages\telegram\ext\_application.py", line 1315, in process_update
    await coroutine
  File "E:\python2\bots\qr_bot\.venv\Lib\site-packages\telegram\ext\_handlers\basehandler.py", line 159, in handle_update
    return await self.callback(update, context)
           ^^^^^^^^^^^^^^^^^^^^^^^^^^^^^^^^^^^^
  File "e:\python2\bots\qr_bot\handlers\main_handlers.py", line 51, in handle_callback_query
    await MainHandlers._handle_template(query, context, data.split(":")[1])
          ^^^^^^^^^^^^^^^^^^^^^^^^^^^^^
AttributeError: type object 'MainHandlers' has no attribute '_handle_template'
2025-09-27 15:18:11,772 - httpx - INFO - HTTP Request: POST https://api.telegram.org/bot8469388059:AAEwHHPNzR3oUzI6ai9E4p4CXDHI8mVjzo4/getUpdates "HTTP/1.1 200 OK"
2025-09-27 15:18:11,820 - httpx - INFO - HTTP Request: POST https://api.telegram.org/bot8469388059:AAEwHHPNzR3oUzI6ai9E4p4CXDHI8mVjzo4/answerCallbackQuery "HTTP/1.1 200 OK"
2025-09-27 15:18:11,821 - telegram.ext.Application - ERROR - No error handlers are registered, logging exception.
Traceback (most recent call last):
  File "E:\python2\bots\qr_bot\.venv\Lib\site-packages\telegram\ext\_application.py", line 1315, in process_update
    await coroutine
  File "E:\python2\bots\qr_bot\.venv\Lib\site-packages\telegram\ext\_handlers\basehandler.py", line 159, in handle_update
    return await self.callback(update, context)
           ^^^^^^^^^^^^^^^^^^^^^^^^^^^^^^^^^^^^
  File "e:\python2\bots\qr_bot\handlers\main_handlers.py", line 51, in handle_callback_query
    await MainHandlers._handle_template(query, context, data.split(":")[1])
          ^^^^^^^^^^^^^^^^^^^^^^^^^^^^^
AttributeError: type object 'MainHandlers' has no attribute '_handle_template'
2025-09-27 15:18:16,100 - httpx - INFO - HTTP Request: POST https://api.telegram.org/bot8469388059:AAEwHHPNzR3oUzI6ai9E4p4CXDHI8mVjzo4/getUpdates "HTTP/1.1 200 OK"
2025-09-27 15:18:16,149 - httpx - INFO - HTTP Request: POST https://api.telegram.org/bot8469388059:AAEwHHPNzR3oUzI6ai9E4p4CXDHI8mVjzo4/answerCallbackQuery "HTTP/1.1 200 OK"
2025-09-27 15:18:16,150 - telegram.ext.Application - ERROR - No error handlers are registered, logging exception.
Traceback (most recent call last):
  File "E:\python2\bots\qr_bot\.venv\Lib\site-packages\telegram\ext\_application.py", line 1315, in process_update
    await coroutine
  File "E:\python2\bots\qr_bot\.venv\Lib\site-packages\telegram\ext\_handlers\basehandler.py", line 159, in handle_update
    return await self.callback(update, context)
           ^^^^^^^^^^^^^^^^^^^^^^^^^^^^^^^^^^^^
  File "e:\python2\bots\qr_bot\handlers\main_handlers.py", line 51, in handle_callback_query
    await MainHandlers._handle_template(query, context, data.split(":")[1])
          ^^^^^^^^^^^^^^^^^^^^^^^^^^^^^
AttributeError: type object 'MainHandlers' has no attribute '_handle_template'
2025-09-27 15:18:17,983 - httpx - INFO - HTTP Request: POST https://api.telegram.org/bot8469388059:AAEwHHPNzR3oUzI6ai9E4p4CXDHI8mVjzo4/getUpdates "HTTP/1.1 200 OK"
2025-09-27 15:18:18,036 - httpx - INFO - HTTP Request: POST https://api.telegram.org/bot8469388059:AAEwHHPNzR3oUzI6ai9E4p4CXDHI8mVjzo4/answerCallbackQuery "HTTP/1.1 200 OK"
2025-09-27 15:18:18,147 - httpx - INFO - HTTP Request: POST https://api.telegram.org/bot8469388059:AAEwHHPNzR3oUzI6ai9E4p4CXDHI8mVjzo4/editMessageText "HTTP/1.1 200 OK"
2025-09-27 15:18:18,876 - httpx - INFO - HTTP Request: POST https://api.telegram.org/bot8469388059:AAEwHHPNzR3oUzI6ai9E4p4CXDHI8mVjzo4/getUpdates "HTTP/1.1 200 OK"
2025-09-27 15:18:18,925 - httpx - INFO - HTTP Request: POST https://api.telegram.org/bot8469388059:AAEwHHPNzR3oUzI6ai9E4p4CXDHI8mVjzo4/answerCallbackQuery "HTTP/1.1 200 OK"
2025-09-27 15:18:18,988 - httpx - INFO - HTTP Request: POST https://api.telegram.org/bot8469388059:AAEwHHPNzR3oUzI6ai9E4p4CXDHI8mVjzo4/editMessageText "HTTP/1.1 200 OK"
2025-09-27 15:18:20,546 - httpx - INFO - HTTP Request: POST https://api.telegram.org/bot8469388059:AAEwHHPNzR3oUzI6ai9E4p4CXDHI8mVjzo4/getUpdates "HTTP/1.1 200 OK"
2025-09-27 15:18:20,684 - httpx - INFO - HTTP Request: POST https://api.telegram.org/bot8469388059:AAEwHHPNzR3oUzI6ai9E4p4CXDHI8mVjzo4/answerCallbackQuery "HTTP/1.1 200 OK"
2025-09-27 15:18:20,684 - telegram.ext.Application - ERROR - No error handlers are registered, logging exception.
Traceback (most recent call last):
  File "E:\python2\bots\qr_bot\.venv\Lib\site-packages\telegram\ext\_application.py", line 1315, in process_update
    await coroutine
  File "E:\python2\bots\qr_bot\.venv\Lib\site-packages\telegram\ext\_handlers\basehandler.py", line 159, in handle_update
    return await self.callback(update, context)
           ^^^^^^^^^^^^^^^^^^^^^^^^^^^^^^^^^^^^
  File "e:\python2\bots\qr_bot\handlers\main_handlers.py", line 53, in handle_callback_query
    await MainHandlers._handle_setting(query, context, data.split(":")[1])
          ^^^^^^^^^^^^^^^^^^^^^^^^^^^^
AttributeError: type object 'MainHandlers' has no attribute '_handle_setting'. Did you mean: '_handle_action'?
2025-09-27 15:18:21,725 - httpx - INFO - HTTP Request: POST https://api.telegram.org/bot8469388059:AAEwHHPNzR3oUzI6ai9E4p4CXDHI8mVjzo4/getUpdates "HTTP/1.1 200 OK"
2025-09-27 15:18:21,842 - httpx - INFO - HTTP Request: POST https://api.telegram.org/bot8469388059:AAEwHHPNzR3oUzI6ai9E4p4CXDHI8mVjzo4/answerCallbackQuery "HTTP/1.1 200 OK"
2025-09-27 15:18:21,843 - telegram.ext.Application - ERROR - No error handlers are registered, logging exception.
Traceback (most recent call last):
  File "E:\python2\bots\qr_bot\.venv\Lib\site-packages\telegram\ext\_application.py", line 1315, in process_update
    await coroutine
  File "E:\python2\bots\qr_bot\.venv\Lib\site-packages\telegram\ext\_handlers\basehandler.py", line 159, in handle_update
    return await self.callback(update, context)
           ^^^^^^^^^^^^^^^^^^^^^^^^^^^^^^^^^^^^
  File "e:\python2\bots\qr_bot\handlers\main_handlers.py", line 53, in handle_callback_query
    await MainHandlers._handle_setting(query, context, data.split(":")[1])
          ^^^^^^^^^^^^^^^^^^^^^^^^^^^^
AttributeError: type object 'MainHandlers' has no attribute '_handle_setting'. Did you mean: '_handle_action'?
2025-09-27 15:18:22,535 - httpx - INFO - HTTP Request: POST https://api.telegram.org/bot8469388059:AAEwHHPNzR3oUzI6ai9E4p4CXDHI8mVjzo4/getUpdates "HTTP/1.1 200 OK"
2025-09-27 15:18:22,730 - httpx - INFO - HTTP Request: POST https://api.telegram.org/bot8469388059:AAEwHHPNzR3oUzI6ai9E4p4CXDHI8mVjzo4/answerCallbackQuery "HTTP/1.1 200 OK"
2025-09-27 15:18:22,731 - telegram.ext.Application - ERROR - No error handlers are registered, logging exception.
Traceback (most recent call last):
  File "E:\python2\bots\qr_bot\.venv\Lib\site-packages\telegram\ext\_application.py", line 1315, in process_update
    await coroutine
  File "E:\python2\bots\qr_bot\.venv\Lib\site-packages\telegram\ext\_handlers\basehandler.py", line 159, in handle_update
    return await self.callback(update, context)
           ^^^^^^^^^^^^^^^^^^^^^^^^^^^^^^^^^^^^
  File "e:\python2\bots\qr_bot\handlers\main_handlers.py", line 53, in handle_callback_query
    await MainHandlers._handle_setting(query, context, data.split(":")[1])
          ^^^^^^^^^^^^^^^^^^^^^^^^^^^^
AttributeError: type object 'MainHandlers' has no attribute '_handle_setting'. Did you mean: '_handle_action'?
2025-09-27 15:18:23,388 - httpx - INFO - HTTP Request: POST https://api.telegram.org/bot8469388059:AAEwHHPNzR3oUzI6ai9E4p4CXDHI8mVjzo4/getUpdates "HTTP/1.1 200 OK"
2025-09-27 15:18:23,505 - httpx - INFO - HTTP Request: POST https://api.telegram.org/bot8469388059:AAEwHHPNzR3oUzI6ai9E4p4CXDHI8mVjzo4/answerCallbackQuery "HTTP/1.1 200 OK"
2025-09-27 15:18:23,506 - telegram.ext.Application - ERROR - No error handlers are registered, logging exception.
Traceback (most recent call last):
  File "E:\python2\bots\qr_bot\.venv\Lib\site-packages\telegram\ext\_application.py", line 1315, in process_update
    await coroutine
  File "E:\python2\bots\qr_bot\.venv\Lib\site-packages\telegram\ext\_handlers\basehandler.py", line 159, in handle_update
    return await self.callback(update, context)
           ^^^^^^^^^^^^^^^^^^^^^^^^^^^^^^^^^^^^
  File "e:\python2\bots\qr_bot\handlers\main_handlers.py", line 53, in handle_callback_query
    await MainHandlers._handle_setting(query, context, data.split(":")[1])
          ^^^^^^^^^^^^^^^^^^^^^^^^^^^^
AttributeError: type object 'MainHandlers' has no attribute '_handle_setting'. Did you mean: '_handle_action'?
2025-09-27 15:18:24,416 - httpx - INFO - HTTP Request: POST https://api.telegram.org/bot8469388059:AAEwHHPNzR3oUzI6ai9E4p4CXDHI8mVjzo4/getUpdates "HTTP/1.1 200 OK"
2025-09-27 15:18:24,491 - httpx - INFO - HTTP Request: POST https://api.telegram.org/bot8469388059:AAEwHHPNzR3oUzI6ai9E4p4CXDHI8mVjzo4/answerCallbackQuery "HTTP/1.1 200 OK"
2025-09-27 15:18:24,570 - httpx - INFO - HTTP Request: POST https://api.telegram.org/bot8469388059:AAEwHHPNzR3oUzI6ai9E4p4CXDHI8mVjzo4/editMessageText "HTTP/1.1 200 OK"
2025-09-27 15:18:25,379 - httpx - INFO - HTTP Request: POST https://api.telegram.org/bot8469388059:AAEwHHPNzR3oUzI6ai9E4p4CXDHI8mVjzo4/getUpdates "HTTP/1.1 200 OK"
2025-09-27 15:18:25,429 - httpx - INFO - HTTP Request: POST https://api.telegram.org/bot8469388059:AAEwHHPNzR3oUzI6ai9E4p4CXDHI8mVjzo4/answerCallbackQuery "HTTP/1.1 200 OK"
2025-09-27 15:18:25,430 - telegram.ext.Application - ERROR - No error handlers are registered, logging exception.
Traceback (most recent call last):
  File "E:\python2\bots\qr_bot\.venv\Lib\site-packages\telegram\ext\_application.py", line 1315, in process_update
    await coroutine
  File "E:\python2\bots\qr_bot\.venv\Lib\site-packages\telegram\ext\_handlers\basehandler.py", line 159, in handle_update
    return await self.callback(update, context)
           ^^^^^^^^^^^^^^^^^^^^^^^^^^^^^^^^^^^^
  File "e:\python2\bots\qr_bot\handlers\main_handlers.py", line 49, in handle_callback_query
    await MainHandlers._handle_action(query, context, data.split(":")[1])
  File "e:\python2\bots\qr_bot\handlers\main_handlers.py", line 74, in _handle_action
    await MainHandlers._show_history(query, context)
          ^^^^^^^^^^^^^^^^^^^^^^^^^^
AttributeError: type object 'MainHandlers' has no attribute '_show_history'
2025-09-27 15:18:27,551 - httpx - INFO - HTTP Request: POST https://api.telegram.org/bot8469388059:AAEwHHPNzR3oUzI6ai9E4p4CXDHI8mVjzo4/getUpdates "HTTP/1.1 200 OK"
2025-09-27 15:18:27,642 - httpx - INFO - HTTP Request: POST https://api.telegram.org/bot8469388059:AAEwHHPNzR3oUzI6ai9E4p4CXDHI8mVjzo4/answerCallbackQuery "HTTP/1.1 200 OK"
2025-09-27 15:18:27,643 - telegram.ext.Application - ERROR - No error handlers are registered, logging exception.
Traceback (most recent call last):
  File "E:\python2\bots\qr_bot\.venv\Lib\site-packages\telegram\ext\_application.py", line 1315, in process_update
    await coroutine
  File "E:\python2\bots\qr_bot\.venv\Lib\site-packages\telegram\ext\_handlers\basehandler.py", line 159, in handle_update
    return await self.callback(update, context)
           ^^^^^^^^^^^^^^^^^^^^^^^^^^^^^^^^^^^^
  File "e:\python2\bots\qr_bot\handlers\main_handlers.py", line 49, in handle_callback_query
    await MainHandlers._handle_action(query, context, data.split(":")[1])
  File "e:\python2\bots\qr_bot\handlers\main_handlers.py", line 76, in _handle_action
    await MainHandlers._show_help(query, context)
          ^^^^^^^^^^^^^^^^^^^^^^^
AttributeError: type object 'MainHandlers' has no attribute '_show_help'
2025-09-27 15:18:37,598 - httpx - INFO - HTTP Request: POST https://api.telegram.org/bot8469388059:AAEwHHPNzR3oUzI6ai9E4p4CXDHI8mVjzo4/getUpdates "HTTP/1.1 200 OK"
2025-09-27 15:18:47,646 - httpx - INFO - HTTP Request: POST https://api.telegram.org/bot8469388059:AAEwHHPNzR3oUzI6ai9E4p4CXDHI8mVjzo4/getUpdates "HTTP/1.1 200 OK"
2025-09-27 15:18:57,693 - httpx - INFO - HTTP Request: POST https://api.telegram.org/bot8469388059:AAEwHHPNzR3oUzI6ai9E4p4CXDHI8mVjzo4/getUpdates "HTTP/1.1 200 OK"
2025-09-27 15:19:07,740 - httpx - INFO - HTTP Request: POST https://api.telegram.org/bot8469388059:AAEwHHPNzR3oUzI6ai9E4p4CXDHI8mVjzo4/getUpdates "HTTP/1.1 200 OK"
2025-09-27 15:19:17,788 - httpx - INFO - HTTP Request: POST https://api.telegram.org/bot8469388059:AAEwHHPNzR3oUzI6ai9E4p4CXDHI8mVjzo4/getUpdates "HTTP/1.1 200 OK"
2025-09-27 15:19:27,834 - httpx - INFO - HTTP Request: POST https://api.telegram.org/bot8469388059:AAEwHHPNzR3oUzI6ai9E4p4CXDHI8mVjzo4/getUpdates "HTTP/1.1 200 OK"
2025-09-27 15:19:37,883 - httpx - INFO - HTTP Request: POST https://api.telegram.org/bot8469388059:AAEwHHPNzR3oUzI6ai9E4p4CXDHI8mVjzo4/getUpdates "HTTP/1.1 200 OK"
2025-09-27 15:19:47,933 - httpx - INFO - HTTP Request: POST https://api.telegram.org/bot8469388059:AAEwHHPNzR3oUzI6ai9E4p4CXDHI8mVjzo4/getUpdates "HTTP/1.1 200 OK"
2025-09-27 15:19:57,982 - httpx - INFO - HTTP Request: POST https://api.telegram.org/bot8469388059:AAEwHHPNzR3oUzI6ai9E4p4CXDHI8mVjzo4/getUpdates "HTTP/1.1 200 OK"
2025-09-27 15:20:08,029 - httpx - INFO - HTTP Request: POST https://api.telegram.org/bot8469388059:AAEwHHPNzR3oUzI6ai9E4p4CXDHI8mVjzo4/getUpdates "HTTP/1.1 200 OK"
2025-09-27 15:20:11,191 - httpx - INFO - HTTP Request: POST https://api.telegram.org/bot8469388059:AAEwHHPNzR3oUzI6ai9E4p4CXDHI8mVjzo4/getUpdates "HTTP/1.1 200 OK"
2025-09-27 15:20:11,191 - telegram.ext.Application - INFO - Application is stopping. This might take a moment.
2025-09-27 15:20:11,192 - telegram.ext.Application - INFO - Application.stop() complete
2025-09-27 15:20:13,479 - __main__ - INFO - 🚀 QR Bot запущено...
2025-09-27 15:20:13,614 - httpx - INFO - HTTP Request: POST https://api.telegram.org/bot8469388059:AAEwHHPNzR3oUzI6ai9E4p4CXDHI8mVjzo4/getMe "HTTP/1.1 200 OK"
2025-09-27 15:20:13,657 - httpx - INFO - HTTP Request: POST https://api.telegram.org/bot8469388059:AAEwHHPNzR3oUzI6ai9E4p4CXDHI8mVjzo4/deleteWebhook "HTTP/1.1 200 OK"
2025-09-27 15:20:13,658 - telegram.ext.Application - INFO - Application started
2025-09-27 15:20:23,805 - httpx - INFO - HTTP Request: POST https://api.telegram.org/bot8469388059:AAEwHHPNzR3oUzI6ai9E4p4CXDHI8mVjzo4/getUpdates "HTTP/1.1 200 OK"
2025-09-27 15:20:33,855 - httpx - INFO - HTTP Request: POST https://api.telegram.org/bot8469388059:AAEwHHPNzR3oUzI6ai9E4p4CXDHI8mVjzo4/getUpdates "HTTP/1.1 200 OK"
2025-09-27 15:20:43,903 - httpx - INFO - HTTP Request: POST https://api.telegram.org/bot8469388059:AAEwHHPNzR3oUzI6ai9E4p4CXDHI8mVjzo4/getUpdates "HTTP/1.1 200 OK"
2025-09-27 15:20:53,954 - httpx - INFO - HTTP Request: POST https://api.telegram.org/bot8469388059:AAEwHHPNzR3oUzI6ai9E4p4CXDHI8mVjzo4/getUpdates "HTTP/1.1 200 OK"
2025-09-27 15:21:04,005 - httpx - INFO - HTTP Request: POST https://api.telegram.org/bot8469388059:AAEwHHPNzR3oUzI6ai9E4p4CXDHI8mVjzo4/getUpdates "HTTP/1.1 200 OK"
2025-09-27 15:21:13,017 - httpx - INFO - HTTP Request: POST https://api.telegram.org/bot8469388059:AAEwHHPNzR3oUzI6ai9E4p4CXDHI8mVjzo4/getUpdates "HTTP/1.1 200 OK"
2025-09-27 15:21:13,202 - httpx - INFO - HTTP Request: POST https://api.telegram.org/bot8469388059:AAEwHHPNzR3oUzI6ai9E4p4CXDHI8mVjzo4/sendMessage "HTTP/1.1 200 OK"
2025-09-27 15:21:14,526 - httpx - INFO - HTTP Request: POST https://api.telegram.org/bot8469388059:AAEwHHPNzR3oUzI6ai9E4p4CXDHI8mVjzo4/getUpdates "HTTP/1.1 200 OK"
2025-09-27 15:21:14,624 - httpx - INFO - HTTP Request: POST https://api.telegram.org/bot8469388059:AAEwHHPNzR3oUzI6ai9E4p4CXDHI8mVjzo4/answerCallbackQuery "HTTP/1.1 200 OK"
2025-09-27 15:21:14,739 - httpx - INFO - HTTP Request: POST https://api.telegram.org/bot8469388059:AAEwHHPNzR3oUzI6ai9E4p4CXDHI8mVjzo4/editMessageText "HTTP/1.1 200 OK"
2025-09-27 15:21:15,431 - httpx - INFO - HTTP Request: POST https://api.telegram.org/bot8469388059:AAEwHHPNzR3oUzI6ai9E4p4CXDHI8mVjzo4/getUpdates "HTTP/1.1 200 OK"
2025-09-27 15:21:15,588 - httpx - INFO - HTTP Request: POST https://api.telegram.org/bot8469388059:AAEwHHPNzR3oUzI6ai9E4p4CXDHI8mVjzo4/answerCallbackQuery "HTTP/1.1 200 OK"
2025-09-27 15:21:15,589 - telegram.ext.Application - ERROR - No error handlers are registered, logging exception.
Traceback (most recent call last):
  File "E:\python2\bots\qr_bot\.venv\Lib\site-packages\telegram\ext\_application.py", line 1315, in process_update
    await coroutine
  File "E:\python2\bots\qr_bot\.venv\Lib\site-packages\telegram\ext\_handlers\basehandler.py", line 159, in handle_update
    return await self.callback(update, context)
           ^^^^^^^^^^^^^^^^^^^^^^^^^^^^^^^^^^^^
  File "e:\python2\bots\qr_bot\handlers\main_handlers.py", line 51, in handle_callback_query
    await MainHandlers._handle_template(query, context, data.split(":")[1])
  File "e:\python2\bots\qr_bot\handlers\main_handlers.py", line 182, in _handle_template
    reply_markup=InlineKeyboards.back_to_main()
                 ^^^^^^^^^^^^^^^^^^^^^^^^^^^^
AttributeError: type object 'InlineKeyboards' has no attribute 'back_to_main'
2025-09-27 15:21:19,612 - httpx - INFO - HTTP Request: POST https://api.telegram.org/bot8469388059:AAEwHHPNzR3oUzI6ai9E4p4CXDHI8mVjzo4/getUpdates "HTTP/1.1 200 OK"
2025-09-27 15:21:19,667 - httpx - INFO - HTTP Request: POST https://api.telegram.org/bot8469388059:AAEwHHPNzR3oUzI6ai9E4p4CXDHI8mVjzo4/answerCallbackQuery "HTTP/1.1 200 OK"
2025-09-27 15:21:19,667 - telegram.ext.Application - ERROR - No error handlers are registered, logging exception.
Traceback (most recent call last):
  File "E:\python2\bots\qr_bot\.venv\Lib\site-packages\telegram\ext\_application.py", line 1315, in process_update
    await coroutine
  File "E:\python2\bots\qr_bot\.venv\Lib\site-packages\telegram\ext\_handlers\basehandler.py", line 159, in handle_update
    return await self.callback(update, context)
           ^^^^^^^^^^^^^^^^^^^^^^^^^^^^^^^^^^^^
  File "e:\python2\bots\qr_bot\handlers\main_handlers.py", line 51, in handle_callback_query
    await MainHandlers._handle_template(query, context, data.split(":")[1])
  File "e:\python2\bots\qr_bot\handlers\main_handlers.py", line 190, in _handle_template
    reply_markup=InlineKeyboards.back_to_main()
                 ^^^^^^^^^^^^^^^^^^^^^^^^^^^^
AttributeError: type object 'InlineKeyboards' has no attribute 'back_to_main'
2025-09-27 15:21:20,771 - httpx - INFO - HTTP Request: POST https://api.telegram.org/bot8469388059:AAEwHHPNzR3oUzI6ai9E4p4CXDHI8mVjzo4/getUpdates "HTTP/1.1 200 OK"
2025-09-27 15:21:20,824 - httpx - INFO - HTTP Request: POST https://api.telegram.org/bot8469388059:AAEwHHPNzR3oUzI6ai9E4p4CXDHI8mVjzo4/answerCallbackQuery "HTTP/1.1 200 OK"
2025-09-27 15:21:20,825 - telegram.ext.Application - ERROR - No error handlers are registered, logging exception.
Traceback (most recent call last):
  File "E:\python2\bots\qr_bot\.venv\Lib\site-packages\telegram\ext\_application.py", line 1315, in process_update
    await coroutine
  File "E:\python2\bots\qr_bot\.venv\Lib\site-packages\telegram\ext\_handlers\basehandler.py", line 159, in handle_update
    return await self.callback(update, context)
           ^^^^^^^^^^^^^^^^^^^^^^^^^^^^^^^^^^^^
  File "e:\python2\bots\qr_bot\handlers\main_handlers.py", line 51, in handle_callback_query
    await MainHandlers._handle_template(query, context, data.split(":")[1])
  File "e:\python2\bots\qr_bot\handlers\main_handlers.py", line 193, in _handle_template
    MainHandlers.set_user_state(context, BotState.WAITING_EMAIL)
                                         ^^^^^^^^^^^^^^^^^^^^^^
AttributeError: type object 'BotState' has no attribute 'WAITING_EMAIL'. Did you mean: 'WAITING_URL'?
2025-09-27 15:21:30,821 - httpx - INFO - HTTP Request: POST https://api.telegram.org/bot8469388059:AAEwHHPNzR3oUzI6ai9E4p4CXDHI8mVjzo4/getUpdates "HTTP/1.1 200 OK"
2025-09-27 15:21:40,871 - httpx - INFO - HTTP Request: POST https://api.telegram.org/bot8469388059:AAEwHHPNzR3oUzI6ai9E4p4CXDHI8mVjzo4/getUpdates "HTTP/1.1 200 OK"
2025-09-27 15:21:48,726 - httpx - INFO - HTTP Request: POST https://api.telegram.org/bot8469388059:AAEwHHPNzR3oUzI6ai9E4p4CXDHI8mVjzo4/getUpdates "HTTP/1.1 200 OK"
2025-09-27 15:21:48,877 - httpx - INFO - HTTP Request: POST https://api.telegram.org/bot8469388059:AAEwHHPNzR3oUzI6ai9E4p4CXDHI8mVjzo4/answerCallbackQuery "HTTP/1.1 200 OK"
2025-09-27 15:21:58,775 - httpx - INFO - HTTP Request: POST https://api.telegram.org/bot8469388059:AAEwHHPNzR3oUzI6ai9E4p4CXDHI8mVjzo4/getUpdates "HTTP/1.1 200 OK"
2025-09-27 15:22:08,825 - httpx - INFO - HTTP Request: POST https://api.telegram.org/bot8469388059:AAEwHHPNzR3oUzI6ai9E4p4CXDHI8mVjzo4/getUpdates "HTTP/1.1 200 OK"
2025-09-27 15:22:18,875 - httpx - INFO - HTTP Request: POST https://api.telegram.org/bot8469388059:AAEwHHPNzR3oUzI6ai9E4p4CXDHI8mVjzo4/getUpdates "HTTP/1.1 200 OK"
2025-09-27 15:22:28,924 - httpx - INFO - HTTP Request: POST https://api.telegram.org/bot8469388059:AAEwHHPNzR3oUzI6ai9E4p4CXDHI8mVjzo4/getUpdates "HTTP/1.1 200 OK"
2025-09-27 15:22:38,974 - httpx - INFO - HTTP Request: POST https://api.telegram.org/bot8469388059:AAEwHHPNzR3oUzI6ai9E4p4CXDHI8mVjzo4/getUpdates "HTTP/1.1 200 OK"
2025-09-27 15:22:49,022 - httpx - INFO - HTTP Request: POST https://api.telegram.org/bot8469388059:AAEwHHPNzR3oUzI6ai9E4p4CXDHI8mVjzo4/getUpdates "HTTP/1.1 200 OK"
2025-09-27 15:22:53,254 - httpx - INFO - HTTP Request: POST https://api.telegram.org/bot8469388059:AAEwHHPNzR3oUzI6ai9E4p4CXDHI8mVjzo4/getUpdates "HTTP/1.1 200 OK"
2025-09-27 15:22:53,489 - httpx - INFO - HTTP Request: POST https://api.telegram.org/bot8469388059:AAEwHHPNzR3oUzI6ai9E4p4CXDHI8mVjzo4/answerCallbackQuery "HTTP/1.1 200 OK"
2025-09-27 15:22:53,671 - httpx - INFO - HTTP Request: POST https://api.telegram.org/bot8469388059:AAEwHHPNzR3oUzI6ai9E4p4CXDHI8mVjzo4/editMessageText "HTTP/1.1 200 OK"
2025-09-27 15:22:54,923 - httpx - INFO - HTTP Request: POST https://api.telegram.org/bot8469388059:AAEwHHPNzR3oUzI6ai9E4p4CXDHI8mVjzo4/getUpdates "HTTP/1.1 200 OK"
2025-09-27 15:22:54,972 - httpx - INFO - HTTP Request: POST https://api.telegram.org/bot8469388059:AAEwHHPNzR3oUzI6ai9E4p4CXDHI8mVjzo4/answerCallbackQuery "HTTP/1.1 200 OK"
2025-09-27 15:22:55,053 - httpx - INFO - HTTP Request: POST https://api.telegram.org/bot8469388059:AAEwHHPNzR3oUzI6ai9E4p4CXDHI8mVjzo4/editMessageText "HTTP/1.1 200 OK"
2025-09-27 15:22:55,780 - httpx - INFO - HTTP Request: POST https://api.telegram.org/bot8469388059:AAEwHHPNzR3oUzI6ai9E4p4CXDHI8mVjzo4/getUpdates "HTTP/1.1 200 OK"
2025-09-27 15:22:55,833 - httpx - INFO - HTTP Request: POST https://api.telegram.org/bot8469388059:AAEwHHPNzR3oUzI6ai9E4p4CXDHI8mVjzo4/answerCallbackQuery "HTTP/1.1 200 OK"
2025-09-27 15:22:58,877 - httpx - INFO - HTTP Request: POST https://api.telegram.org/bot8469388059:AAEwHHPNzR3oUzI6ai9E4p4CXDHI8mVjzo4/getUpdates "HTTP/1.1 200 OK"
2025-09-27 15:22:58,925 - httpx - INFO - HTTP Request: POST https://api.telegram.org/bot8469388059:AAEwHHPNzR3oUzI6ai9E4p4CXDHI8mVjzo4/answerCallbackQuery "HTTP/1.1 200 OK"
2025-09-27 15:22:59,820 - httpx - INFO - HTTP Request: POST https://api.telegram.org/bot8469388059:AAEwHHPNzR3oUzI6ai9E4p4CXDHI8mVjzo4/getUpdates "HTTP/1.1 200 OK"
2025-09-27 15:22:59,874 - httpx - INFO - HTTP Request: POST https://api.telegram.org/bot8469388059:AAEwHHPNzR3oUzI6ai9E4p4CXDHI8mVjzo4/answerCallbackQuery "HTTP/1.1 200 OK"
2025-09-27 15:23:00,997 - httpx - INFO - HTTP Request: POST https://api.telegram.org/bot8469388059:AAEwHHPNzR3oUzI6ai9E4p4CXDHI8mVjzo4/getUpdates "HTTP/1.1 200 OK"
2025-09-27 15:23:01,044 - httpx - INFO - HTTP Request: POST https://api.telegram.org/bot8469388059:AAEwHHPNzR3oUzI6ai9E4p4CXDHI8mVjzo4/answerCallbackQuery "HTTP/1.1 200 OK"
2025-09-27 15:23:01,101 - httpx - INFO - HTTP Request: POST https://api.telegram.org/bot8469388059:AAEwHHPNzR3oUzI6ai9E4p4CXDHI8mVjzo4/editMessageText "HTTP/1.1 200 OK"
2025-09-27 15:23:01,933 - httpx - INFO - HTTP Request: POST https://api.telegram.org/bot8469388059:AAEwHHPNzR3oUzI6ai9E4p4CXDHI8mVjzo4/getUpdates "HTTP/1.1 200 OK"
2025-09-27 15:23:01,984 - httpx - INFO - HTTP Request: POST https://api.telegram.org/bot8469388059:AAEwHHPNzR3oUzI6ai9E4p4CXDHI8mVjzo4/answerCallbackQuery "HTTP/1.1 200 OK"
2025-09-27 15:23:02,043 - httpx - INFO - HTTP Request: POST https://api.telegram.org/bot8469388059:AAEwHHPNzR3oUzI6ai9E4p4CXDHI8mVjzo4/editMessageText "HTTP/1.1 400 Bad Request"
2025-09-27 15:23:02,043 - telegram.ext.Application - ERROR - No error handlers are registered, logging exception.
Traceback (most recent call last):
  File "E:\python2\bots\qr_bot\.venv\Lib\site-packages\telegram\ext\_application.py", line 1315, in process_update
    await coroutine
  File "E:\python2\bots\qr_bot\.venv\Lib\site-packages\telegram\ext\_handlers\basehandler.py", line 159, in handle_update
    return await self.callback(update, context)
           ^^^^^^^^^^^^^^^^^^^^^^^^^^^^^^^^^^^^
  File "e:\python2\bots\qr_bot\handlers\main_handlers.py", line 53, in handle_callback_query
    await MainHandlers._handle_setting(query, context, data.split(":")[1])
  File "e:\python2\bots\qr_bot\handlers\main_handlers.py", line 232, in _handle_setting
    await query.edit_message_text(
    ...<2 lines>...
    )
  File "E:\python2\bots\qr_bot\.venv\Lib\site-packages\telegram\_callbackquery.py", line 268, in edit_message_text
    return await self._get_message().edit_text(
           ^^^^^^^^^^^^^^^^^^^^^^^^^^^^^^^^^^^^
    ...<11 lines>...
    )
    ^
  File "E:\python2\bots\qr_bot\.venv\Lib\site-packages\telegram\_message.py", line 4142, in edit_text
    return await self.get_bot().edit_message_text(
           ^^^^^^^^^^^^^^^^^^^^^^^^^^^^^^^^^^^^^^^
    ...<15 lines>...
    )
    ^
  File "E:\python2\bots\qr_bot\.venv\Lib\site-packages\telegram\ext\_extbot.py", line 1735, in edit_message_text
    return await super().edit_message_text(
           ^^^^^^^^^^^^^^^^^^^^^^^^^^^^^^^^
    ...<15 lines>...
    )
    ^
  File "E:\python2\bots\qr_bot\.venv\Lib\site-packages\telegram\_bot.py", line 4463, in edit_message_text
    return await self._send_message(
           ^^^^^^^^^^^^^^^^^^^^^^^^^
    ...<11 lines>...
    )
    ^
  File "E:\python2\bots\qr_bot\.venv\Lib\site-packages\telegram\ext\_extbot.py", line 634, in _send_message
    result = await super()._send_message(
             ^^^^^^^^^^^^^^^^^^^^^^^^^^^^
    ...<23 lines>...
    )
    ^
  File "E:\python2\bots\qr_bot\.venv\Lib\site-packages\telegram\_bot.py", line 819, in _send_message
    result = await self._post(
             ^^^^^^^^^^^^^^^^^
    ...<7 lines>...
    )
    ^
  File "E:\python2\bots\qr_bot\.venv\Lib\site-packages\telegram\_bot.py", line 703, in _post
    return await self._do_post(
           ^^^^^^^^^^^^^^^^^^^^
    ...<6 lines>...
    )
    ^
  File "E:\python2\bots\qr_bot\.venv\Lib\site-packages\telegram\ext\_extbot.py", line 372, in _do_post
    return await super()._do_post(
           ^^^^^^^^^^^^^^^^^^^^^^^
    ...<6 lines>...
    )
    ^
  File "E:\python2\bots\qr_bot\.venv\Lib\site-packages\telegram\_bot.py", line 732, in _do_post
    result = await request.post(
             ^^^^^^^^^^^^^^^^^^^
    ...<6 lines>...
    )
    ^
  File "E:\python2\bots\qr_bot\.venv\Lib\site-packages\telegram\request\_baserequest.py", line 198, in post
    result = await self._request_wrapper(
             ^^^^^^^^^^^^^^^^^^^^^^^^^^^^
    ...<7 lines>...
    )
    ^
  File "E:\python2\bots\qr_bot\.venv\Lib\site-packages\telegram\request\_baserequest.py", line 375, in _request_wrapper
    raise exception
telegram.error.BadRequest: Message is not modified: specified new message content and reply markup are exactly the same as a current content and reply markup of the message
2025-09-27 15:23:04,389 - httpx - INFO - HTTP Request: POST https://api.telegram.org/bot8469388059:AAEwHHPNzR3oUzI6ai9E4p4CXDHI8mVjzo4/getUpdates "HTTP/1.1 200 OK"
2025-09-27 15:23:04,468 - httpx - INFO - HTTP Request: POST https://api.telegram.org/bot8469388059:AAEwHHPNzR3oUzI6ai9E4p4CXDHI8mVjzo4/answerCallbackQuery "HTTP/1.1 200 OK"
2025-09-27 15:23:04,545 - httpx - INFO - HTTP Request: POST https://api.telegram.org/bot8469388059:AAEwHHPNzR3oUzI6ai9E4p4CXDHI8mVjzo4/editMessageText "HTTP/1.1 200 OK"
2025-09-27 15:23:06,350 - httpx - INFO - HTTP Request: POST https://api.telegram.org/bot8469388059:AAEwHHPNzR3oUzI6ai9E4p4CXDHI8mVjzo4/getUpdates "HTTP/1.1 200 OK"
2025-09-27 15:23:06,429 - httpx - INFO - HTTP Request: POST https://api.telegram.org/bot8469388059:AAEwHHPNzR3oUzI6ai9E4p4CXDHI8mVjzo4/answerCallbackQuery "HTTP/1.1 200 OK"
2025-09-27 15:23:06,514 - httpx - INFO - HTTP Request: POST https://api.telegram.org/bot8469388059:AAEwHHPNzR3oUzI6ai9E4p4CXDHI8mVjzo4/editMessageText "HTTP/1.1 400 Bad Request"
2025-09-27 15:23:06,515 - telegram.ext.Application - ERROR - No error handlers are registered, logging exception.
Traceback (most recent call last):
  File "E:\python2\bots\qr_bot\.venv\Lib\site-packages\telegram\ext\_application.py", line 1315, in process_update
    await coroutine
  File "E:\python2\bots\qr_bot\.venv\Lib\site-packages\telegram\ext\_handlers\basehandler.py", line 159, in handle_update
    return await self.callback(update, context)
           ^^^^^^^^^^^^^^^^^^^^^^^^^^^^^^^^^^^^
  File "e:\python2\bots\qr_bot\handlers\main_handlers.py", line 53, in handle_callback_query
    await MainHandlers._handle_setting(query, context, data.split(":")[1])
  File "e:\python2\bots\qr_bot\handlers\main_handlers.py", line 240, in _handle_setting
    await query.edit_message_text(
    ...<2 lines>...
    )
  File "E:\python2\bots\qr_bot\.venv\Lib\site-packages\telegram\_callbackquery.py", line 268, in edit_message_text
    return await self._get_message().edit_text(
           ^^^^^^^^^^^^^^^^^^^^^^^^^^^^^^^^^^^^
    ...<11 lines>...
    )
    ^
  File "E:\python2\bots\qr_bot\.venv\Lib\site-packages\telegram\_message.py", line 4142, in edit_text
    return await self.get_bot().edit_message_text(
           ^^^^^^^^^^^^^^^^^^^^^^^^^^^^^^^^^^^^^^^
    ...<15 lines>...
    )
    ^
  File "E:\python2\bots\qr_bot\.venv\Lib\site-packages\telegram\ext\_extbot.py", line 1735, in edit_message_text
    return await super().edit_message_text(
           ^^^^^^^^^^^^^^^^^^^^^^^^^^^^^^^^
    ...<15 lines>...
    )
    ^
  File "E:\python2\bots\qr_bot\.venv\Lib\site-packages\telegram\_bot.py", line 4463, in edit_message_text
    return await self._send_message(
           ^^^^^^^^^^^^^^^^^^^^^^^^^
    ...<11 lines>...
    )
    ^
  File "E:\python2\bots\qr_bot\.venv\Lib\site-packages\telegram\ext\_extbot.py", line 634, in _send_message
    result = await super()._send_message(
             ^^^^^^^^^^^^^^^^^^^^^^^^^^^^
    ...<23 lines>...
    )
    ^
  File "E:\python2\bots\qr_bot\.venv\Lib\site-packages\telegram\_bot.py", line 819, in _send_message
    result = await self._post(
             ^^^^^^^^^^^^^^^^^
    ...<7 lines>...
    )
    ^
  File "E:\python2\bots\qr_bot\.venv\Lib\site-packages\telegram\_bot.py", line 703, in _post
    return await self._do_post(
           ^^^^^^^^^^^^^^^^^^^^
    ...<6 lines>...
    )
    ^
  File "E:\python2\bots\qr_bot\.venv\Lib\site-packages\telegram\ext\_extbot.py", line 372, in _do_post
    return await super()._do_post(
           ^^^^^^^^^^^^^^^^^^^^^^^
    ...<6 lines>...
    )
    ^
  File "E:\python2\bots\qr_bot\.venv\Lib\site-packages\telegram\_bot.py", line 732, in _do_post
    result = await request.post(
             ^^^^^^^^^^^^^^^^^^^
    ...<6 lines>...
    )
    ^
  File "E:\python2\bots\qr_bot\.venv\Lib\site-packages\telegram\request\_baserequest.py", line 198, in post
    result = await self._request_wrapper(
             ^^^^^^^^^^^^^^^^^^^^^^^^^^^^
    ...<7 lines>...
    )
    ^
  File "E:\python2\bots\qr_bot\.venv\Lib\site-packages\telegram\request\_baserequest.py", line 375, in _request_wrapper
    raise exception
telegram.error.BadRequest: Message is not modified: specified new message content and reply markup are exactly the same as a current content and reply markup of the message
2025-09-27 15:23:07,335 - httpx - INFO - HTTP Request: POST https://api.telegram.org/bot8469388059:AAEwHHPNzR3oUzI6ai9E4p4CXDHI8mVjzo4/getUpdates "HTTP/1.1 200 OK"
2025-09-27 15:23:07,450 - httpx - INFO - HTTP Request: POST https://api.telegram.org/bot8469388059:AAEwHHPNzR3oUzI6ai9E4p4CXDHI8mVjzo4/answerCallbackQuery "HTTP/1.1 200 OK"
2025-09-27 15:23:10,153 - httpx - INFO - HTTP Request: POST https://api.telegram.org/bot8469388059:AAEwHHPNzR3oUzI6ai9E4p4CXDHI8mVjzo4/getUpdates "HTTP/1.1 200 OK"
2025-09-27 15:23:10,207 - httpx - INFO - HTTP Request: POST https://api.telegram.org/bot8469388059:AAEwHHPNzR3oUzI6ai9E4p4CXDHI8mVjzo4/answerCallbackQuery "HTTP/1.1 200 OK"
2025-09-27 15:23:10,264 - httpx - INFO - HTTP Request: POST https://api.telegram.org/bot8469388059:AAEwHHPNzR3oUzI6ai9E4p4CXDHI8mVjzo4/editMessageText "HTTP/1.1 200 OK"
2025-09-27 15:23:11,035 - httpx - INFO - HTTP Request: POST https://api.telegram.org/bot8469388059:AAEwHHPNzR3oUzI6ai9E4p4CXDHI8mVjzo4/getUpdates "HTTP/1.1 200 OK"
2025-09-27 15:23:11,145 - httpx - INFO - HTTP Request: POST https://api.telegram.org/bot8469388059:AAEwHHPNzR3oUzI6ai9E4p4CXDHI8mVjzo4/answerCallbackQuery "HTTP/1.1 200 OK"
2025-09-27 15:23:11,268 - httpx - INFO - HTTP Request: POST https://api.telegram.org/bot8469388059:AAEwHHPNzR3oUzI6ai9E4p4CXDHI8mVjzo4/editMessageText "HTTP/1.1 200 OK"
2025-09-27 15:23:12,609 - httpx - INFO - HTTP Request: POST https://api.telegram.org/bot8469388059:AAEwHHPNzR3oUzI6ai9E4p4CXDHI8mVjzo4/getUpdates "HTTP/1.1 200 OK"
2025-09-27 15:23:12,690 - httpx - INFO - HTTP Request: POST https://api.telegram.org/bot8469388059:AAEwHHPNzR3oUzI6ai9E4p4CXDHI8mVjzo4/answerCallbackQuery "HTTP/1.1 200 OK"
2025-09-27 15:23:12,776 - httpx - INFO - HTTP Request: POST https://api.telegram.org/bot8469388059:AAEwHHPNzR3oUzI6ai9E4p4CXDHI8mVjzo4/editMessageText "HTTP/1.1 200 OK"
2025-09-27 15:23:13,760 - httpx - INFO - HTTP Request: POST https://api.telegram.org/bot8469388059:AAEwHHPNzR3oUzI6ai9E4p4CXDHI8mVjzo4/getUpdates "HTTP/1.1 200 OK"
2025-09-27 15:23:13,859 - httpx - INFO - HTTP Request: POST https://api.telegram.org/bot8469388059:AAEwHHPNzR3oUzI6ai9E4p4CXDHI8mVjzo4/answerCallbackQuery "HTTP/1.1 200 OK"
2025-09-27 15:23:14,012 - httpx - INFO - HTTP Request: POST https://api.telegram.org/bot8469388059:AAEwHHPNzR3oUzI6ai9E4p4CXDHI8mVjzo4/editMessageText "HTTP/1.1 200 OK"
2025-09-27 15:23:14,874 - httpx - INFO - HTTP Request: POST https://api.telegram.org/bot8469388059:AAEwHHPNzR3oUzI6ai9E4p4CXDHI8mVjzo4/getUpdates "HTTP/1.1 200 OK"
2025-09-27 15:23:14,950 - httpx - INFO - HTTP Request: POST https://api.telegram.org/bot8469388059:AAEwHHPNzR3oUzI6ai9E4p4CXDHI8mVjzo4/answerCallbackQuery "HTTP/1.1 200 OK"
2025-09-27 15:23:15,030 - httpx - INFO - HTTP Request: POST https://api.telegram.org/bot8469388059:AAEwHHPNzR3oUzI6ai9E4p4CXDHI8mVjzo4/editMessageText "HTTP/1.1 200 OK"
2025-09-27 15:23:15,471 - httpx - INFO - HTTP Request: POST https://api.telegram.org/bot8469388059:AAEwHHPNzR3oUzI6ai9E4p4CXDHI8mVjzo4/getUpdates "HTTP/1.1 200 OK"
2025-09-27 15:23:15,519 - httpx - INFO - HTTP Request: POST https://api.telegram.org/bot8469388059:AAEwHHPNzR3oUzI6ai9E4p4CXDHI8mVjzo4/answerCallbackQuery "HTTP/1.1 200 OK"
2025-09-27 15:23:15,582 - httpx - INFO - HTTP Request: POST https://api.telegram.org/bot8469388059:AAEwHHPNzR3oUzI6ai9E4p4CXDHI8mVjzo4/editMessageText "HTTP/1.1 200 OK"
2025-09-27 15:23:17,175 - httpx - INFO - HTTP Request: POST https://api.telegram.org/bot8469388059:AAEwHHPNzR3oUzI6ai9E4p4CXDHI8mVjzo4/getUpdates "HTTP/1.1 200 OK"
2025-09-27 15:23:17,290 - httpx - INFO - HTTP Request: POST https://api.telegram.org/bot8469388059:AAEwHHPNzR3oUzI6ai9E4p4CXDHI8mVjzo4/answerCallbackQuery "HTTP/1.1 200 OK"
2025-09-27 15:23:17,405 - httpx - INFO - HTTP Request: POST https://api.telegram.org/bot8469388059:AAEwHHPNzR3oUzI6ai9E4p4CXDHI8mVjzo4/editMessageText "HTTP/1.1 200 OK"
2025-09-27 15:23:18,650 - httpx - INFO - HTTP Request: POST https://api.telegram.org/bot8469388059:AAEwHHPNzR3oUzI6ai9E4p4CXDHI8mVjzo4/getUpdates "HTTP/1.1 200 OK"
2025-09-27 15:23:18,699 - httpx - INFO - HTTP Request: POST https://api.telegram.org/bot8469388059:AAEwHHPNzR3oUzI6ai9E4p4CXDHI8mVjzo4/answerCallbackQuery "HTTP/1.1 200 OK"
2025-09-27 15:23:18,755 - httpx - INFO - HTTP Request: POST https://api.telegram.org/bot8469388059:AAEwHHPNzR3oUzI6ai9E4p4CXDHI8mVjzo4/editMessageText "HTTP/1.1 200 OK"
2025-09-27 15:23:21,552 - httpx - INFO - HTTP Request: POST https://api.telegram.org/bot8469388059:AAEwHHPNzR3oUzI6ai9E4p4CXDHI8mVjzo4/getUpdates "HTTP/1.1 200 OK"
2025-09-27 15:23:21,643 - httpx - INFO - HTTP Request: POST https://api.telegram.org/bot8469388059:AAEwHHPNzR3oUzI6ai9E4p4CXDHI8mVjzo4/answerCallbackQuery "HTTP/1.1 200 OK"
2025-09-27 15:23:21,731 - httpx - INFO - HTTP Request: POST https://api.telegram.org/bot8469388059:AAEwHHPNzR3oUzI6ai9E4p4CXDHI8mVjzo4/editMessageText "HTTP/1.1 200 OK"
2025-09-27 15:23:22,423 - httpx - INFO - HTTP Request: POST https://api.telegram.org/bot8469388059:AAEwHHPNzR3oUzI6ai9E4p4CXDHI8mVjzo4/getUpdates "HTTP/1.1 200 OK"
2025-09-27 15:23:22,469 - httpx - INFO - HTTP Request: POST https://api.telegram.org/bot8469388059:AAEwHHPNzR3oUzI6ai9E4p4CXDHI8mVjzo4/answerCallbackQuery "HTTP/1.1 200 OK"
2025-09-27 15:23:22,526 - httpx - INFO - HTTP Request: POST https://api.telegram.org/bot8469388059:AAEwHHPNzR3oUzI6ai9E4p4CXDHI8mVjzo4/editMessageText "HTTP/1.1 200 OK"
2025-09-27 15:23:24,280 - httpx - INFO - HTTP Request: POST https://api.telegram.org/bot8469388059:AAEwHHPNzR3oUzI6ai9E4p4CXDHI8mVjzo4/getUpdates "HTTP/1.1 200 OK"
2025-09-27 15:23:24,326 - httpx - INFO - HTTP Request: POST https://api.telegram.org/bot8469388059:AAEwHHPNzR3oUzI6ai9E4p4CXDHI8mVjzo4/answerCallbackQuery "HTTP/1.1 200 OK"
2025-09-27 15:23:27,642 - httpx - INFO - HTTP Request: POST https://api.telegram.org/bot8469388059:AAEwHHPNzR3oUzI6ai9E4p4CXDHI8mVjzo4/getUpdates "HTTP/1.1 200 OK"
2025-09-27 15:23:27,649 - handlers.main_handlers - ERROR - QR generation failed
Traceback (most recent call last):
  File "e:\python2\bots\qr_bot\handlers\main_handlers.py", line 142, in _process_qr_generation
    qr_image = QRService.generate_qr_image(
        text,
    ...<3 lines>...
        fmt=settings.get("fmt", "PNG")
    )
  File "e:\python2\bots\qr_bot\services\qr_service.py", line 56, in generate_qr_image
    img = qr.make_image(fill_color=fg_color, back_color=bg_color)
  File "E:\python2\bots\qr_bot\.venv\Lib\site-packages\qrcode\main.py", line 369, in make_image
    im = image_factory(
        self.border,
    ...<3 lines>...
        **kwargs,
    )
  File "E:\python2\bots\qr_bot\.venv\Lib\site-packages\qrcode\image\base.py", line 30, in __init__
    self._img = self.new_image(**kwargs)
                ~~~~~~~~~~~~~~^^^^^^^^^^
  File "E:\python2\bots\qr_bot\.venv\Lib\site-packages\qrcode\image\pil.py", line 41, in new_image
    img = Image.new(mode, (self.pixel_size, self.pixel_size), back_color)
  File "E:\python2\bots\qr_bot\.venv\Lib\site-packages\PIL\Image.py", line 3102, in new
    color = ImageColor.getcolor(color, mode)
  File "E:\python2\bots\qr_bot\.venv\Lib\site-packages\PIL\ImageColor.py", line 144, in getcolor
    rgb, alpha = getrgb(color), 255
                 ~~~~~~^^^^^^^
  File "E:\python2\bots\qr_bot\.venv\Lib\site-packages\PIL\ImageColor.py", line 125, in getrgb
    raise ValueError(msg)
ValueError: unknown color specifier: 'color'
2025-09-27 15:23:27,713 - httpx - INFO - HTTP Request: POST https://api.telegram.org/bot8469388059:AAEwHHPNzR3oUzI6ai9E4p4CXDHI8mVjzo4/sendMessage "HTTP/1.1 200 OK"
2025-09-27 15:23:34,777 - httpx - INFO - HTTP Request: POST https://api.telegram.org/bot8469388059:AAEwHHPNzR3oUzI6ai9E4p4CXDHI8mVjzo4/getUpdates "HTTP/1.1 200 OK"
2025-09-27 15:23:34,777 - telegram.ext.Application - INFO - Application is stopping. This might take a moment.
2025-09-27 15:23:34,777 - telegram.ext.Application - INFO - Application.stop() complete
2025-09-27 15:24:12,852 - __main__ - INFO - 🚀 QR Bot запущено...
2025-09-27 15:24:13,011 - httpx - INFO - HTTP Request: POST https://api.telegram.org/bot8469388059:AAEwHHPNzR3oUzI6ai9E4p4CXDHI8mVjzo4/getMe "HTTP/1.1 200 OK"
2025-09-27 15:24:13,059 - httpx - INFO - HTTP Request: POST https://api.telegram.org/bot8469388059:AAEwHHPNzR3oUzI6ai9E4p4CXDHI8mVjzo4/deleteWebhook "HTTP/1.1 200 OK"
2025-09-27 15:24:13,060 - telegram.ext.Application - INFO - Application started
2025-09-27 15:24:16,832 - httpx - INFO - HTTP Request: POST https://api.telegram.org/bot8469388059:AAEwHHPNzR3oUzI6ai9E4p4CXDHI8mVjzo4/getUpdates "HTTP/1.1 200 OK"
2025-09-27 15:24:16,916 - httpx - INFO - HTTP Request: POST https://api.telegram.org/bot8469388059:AAEwHHPNzR3oUzI6ai9E4p4CXDHI8mVjzo4/sendMessage "HTTP/1.1 200 OK"
2025-09-27 15:24:18,362 - httpx - INFO - HTTP Request: POST https://api.telegram.org/bot8469388059:AAEwHHPNzR3oUzI6ai9E4p4CXDHI8mVjzo4/getUpdates "HTTP/1.1 200 OK"
2025-09-27 15:24:18,418 - httpx - INFO - HTTP Request: POST https://api.telegram.org/bot8469388059:AAEwHHPNzR3oUzI6ai9E4p4CXDHI8mVjzo4/answerCallbackQuery "HTTP/1.1 200 OK"
2025-09-27 15:24:18,483 - httpx - INFO - HTTP Request: POST https://api.telegram.org/bot8469388059:AAEwHHPNzR3oUzI6ai9E4p4CXDHI8mVjzo4/editMessageText "HTTP/1.1 200 OK"
2025-09-27 15:24:19,147 - httpx - INFO - HTTP Request: POST https://api.telegram.org/bot8469388059:AAEwHHPNzR3oUzI6ai9E4p4CXDHI8mVjzo4/getUpdates "HTTP/1.1 200 OK"
2025-09-27 15:24:19,217 - httpx - INFO - HTTP Request: POST https://api.telegram.org/bot8469388059:AAEwHHPNzR3oUzI6ai9E4p4CXDHI8mVjzo4/answerCallbackQuery "HTTP/1.1 200 OK"
2025-09-27 15:24:19,283 - httpx - INFO - HTTP Request: POST https://api.telegram.org/bot8469388059:AAEwHHPNzR3oUzI6ai9E4p4CXDHI8mVjzo4/editMessageText "HTTP/1.1 200 OK"
2025-09-27 15:24:20,111 - httpx - INFO - HTTP Request: POST https://api.telegram.org/bot8469388059:AAEwHHPNzR3oUzI6ai9E4p4CXDHI8mVjzo4/getUpdates "HTTP/1.1 200 OK"
2025-09-27 15:24:20,185 - httpx - INFO - HTTP Request: POST https://api.telegram.org/bot8469388059:AAEwHHPNzR3oUzI6ai9E4p4CXDHI8mVjzo4/answerCallbackQuery "HTTP/1.1 200 OK"
2025-09-27 15:24:20,263 - httpx - INFO - HTTP Request: POST https://api.telegram.org/bot8469388059:AAEwHHPNzR3oUzI6ai9E4p4CXDHI8mVjzo4/editMessageText "HTTP/1.1 200 OK"
2025-09-27 15:24:21,297 - httpx - INFO - HTTP Request: POST https://api.telegram.org/bot8469388059:AAEwHHPNzR3oUzI6ai9E4p4CXDHI8mVjzo4/getUpdates "HTTP/1.1 200 OK"
2025-09-27 15:24:21,398 - httpx - INFO - HTTP Request: POST https://api.telegram.org/bot8469388059:AAEwHHPNzR3oUzI6ai9E4p4CXDHI8mVjzo4/answerCallbackQuery "HTTP/1.1 200 OK"
2025-09-27 15:24:21,511 - httpx - INFO - HTTP Request: POST https://api.telegram.org/bot8469388059:AAEwHHPNzR3oUzI6ai9E4p4CXDHI8mVjzo4/editMessageText "HTTP/1.1 200 OK"
2025-09-27 15:24:22,995 - httpx - INFO - HTTP Request: POST https://api.telegram.org/bot8469388059:AAEwHHPNzR3oUzI6ai9E4p4CXDHI8mVjzo4/getUpdates "HTTP/1.1 200 OK"
2025-09-27 15:24:23,155 - httpx - INFO - HTTP Request: POST https://api.telegram.org/bot8469388059:AAEwHHPNzR3oUzI6ai9E4p4CXDHI8mVjzo4/answerCallbackQuery "HTTP/1.1 200 OK"
2025-09-27 15:24:23,301 - httpx - INFO - HTTP Request: POST https://api.telegram.org/bot8469388059:AAEwHHPNzR3oUzI6ai9E4p4CXDHI8mVjzo4/editMessageText "HTTP/1.1 200 OK"
2025-09-27 15:24:23,975 - httpx - INFO - HTTP Request: POST https://api.telegram.org/bot8469388059:AAEwHHPNzR3oUzI6ai9E4p4CXDHI8mVjzo4/getUpdates "HTTP/1.1 200 OK"
2025-09-27 15:24:24,150 - httpx - INFO - HTTP Request: POST https://api.telegram.org/bot8469388059:AAEwHHPNzR3oUzI6ai9E4p4CXDHI8mVjzo4/answerCallbackQuery "HTTP/1.1 200 OK"
2025-09-27 15:24:24,271 - httpx - INFO - HTTP Request: POST https://api.telegram.org/bot8469388059:AAEwHHPNzR3oUzI6ai9E4p4CXDHI8mVjzo4/editMessageText "HTTP/1.1 200 OK"
2025-09-27 15:24:25,009 - httpx - INFO - HTTP Request: POST https://api.telegram.org/bot8469388059:AAEwHHPNzR3oUzI6ai9E4p4CXDHI8mVjzo4/getUpdates "HTTP/1.1 200 OK"
2025-09-27 15:24:25,074 - httpx - INFO - HTTP Request: POST https://api.telegram.org/bot8469388059:AAEwHHPNzR3oUzI6ai9E4p4CXDHI8mVjzo4/answerCallbackQuery "HTTP/1.1 200 OK"
2025-09-27 15:24:25,146 - httpx - INFO - HTTP Request: POST https://api.telegram.org/bot8469388059:AAEwHHPNzR3oUzI6ai9E4p4CXDHI8mVjzo4/editMessageText "HTTP/1.1 200 OK"
2025-09-27 15:24:25,837 - httpx - INFO - HTTP Request: POST https://api.telegram.org/bot8469388059:AAEwHHPNzR3oUzI6ai9E4p4CXDHI8mVjzo4/getUpdates "HTTP/1.1 200 OK"
2025-09-27 15:24:25,893 - httpx - INFO - HTTP Request: POST https://api.telegram.org/bot8469388059:AAEwHHPNzR3oUzI6ai9E4p4CXDHI8mVjzo4/answerCallbackQuery "HTTP/1.1 200 OK"
2025-09-27 15:24:25,966 - httpx - INFO - HTTP Request: POST https://api.telegram.org/bot8469388059:AAEwHHPNzR3oUzI6ai9E4p4CXDHI8mVjzo4/editMessageText "HTTP/1.1 200 OK"
2025-09-27 15:24:26,851 - httpx - INFO - HTTP Request: POST https://api.telegram.org/bot8469388059:AAEwHHPNzR3oUzI6ai9E4p4CXDHI8mVjzo4/getUpdates "HTTP/1.1 200 OK"
2025-09-27 15:24:26,906 - httpx - INFO - HTTP Request: POST https://api.telegram.org/bot8469388059:AAEwHHPNzR3oUzI6ai9E4p4CXDHI8mVjzo4/answerCallbackQuery "HTTP/1.1 200 OK"
2025-09-27 15:24:26,990 - httpx - INFO - HTTP Request: POST https://api.telegram.org/bot8469388059:AAEwHHPNzR3oUzI6ai9E4p4CXDHI8mVjzo4/editMessageText "HTTP/1.1 200 OK"
2025-09-27 15:24:27,729 - httpx - INFO - HTTP Request: POST https://api.telegram.org/bot8469388059:AAEwHHPNzR3oUzI6ai9E4p4CXDHI8mVjzo4/getUpdates "HTTP/1.1 200 OK"
2025-09-27 15:24:27,802 - httpx - INFO - HTTP Request: POST https://api.telegram.org/bot8469388059:AAEwHHPNzR3oUzI6ai9E4p4CXDHI8mVjzo4/answerCallbackQuery "HTTP/1.1 200 OK"
2025-09-27 15:24:27,875 - httpx - INFO - HTTP Request: POST https://api.telegram.org/bot8469388059:AAEwHHPNzR3oUzI6ai9E4p4CXDHI8mVjzo4/editMessageText "HTTP/1.1 200 OK"
2025-09-27 15:24:31,521 - httpx - INFO - HTTP Request: POST https://api.telegram.org/bot8469388059:AAEwHHPNzR3oUzI6ai9E4p4CXDHI8mVjzo4/getUpdates "HTTP/1.1 200 OK"
2025-09-27 15:24:31,672 - httpx - INFO - HTTP Request: POST https://api.telegram.org/bot8469388059:AAEwHHPNzR3oUzI6ai9E4p4CXDHI8mVjzo4/answerCallbackQuery "HTTP/1.1 200 OK"
2025-09-27 15:24:31,844 - httpx - INFO - HTTP Request: POST https://api.telegram.org/bot8469388059:AAEwHHPNzR3oUzI6ai9E4p4CXDHI8mVjzo4/editMessageText "HTTP/1.1 200 OK"
2025-09-27 15:24:33,317 - httpx - INFO - HTTP Request: POST https://api.telegram.org/bot8469388059:AAEwHHPNzR3oUzI6ai9E4p4CXDHI8mVjzo4/getUpdates "HTTP/1.1 200 OK"
2025-09-27 15:24:33,393 - httpx - INFO - HTTP Request: POST https://api.telegram.org/bot8469388059:AAEwHHPNzR3oUzI6ai9E4p4CXDHI8mVjzo4/answerCallbackQuery "HTTP/1.1 200 OK"
2025-09-27 15:24:33,462 - httpx - INFO - HTTP Request: POST https://api.telegram.org/bot8469388059:AAEwHHPNzR3oUzI6ai9E4p4CXDHI8mVjzo4/editMessageText "HTTP/1.1 200 OK"
2025-09-27 15:24:34,455 - httpx - INFO - HTTP Request: POST https://api.telegram.org/bot8469388059:AAEwHHPNzR3oUzI6ai9E4p4CXDHI8mVjzo4/getUpdates "HTTP/1.1 200 OK"
2025-09-27 15:24:34,643 - httpx - INFO - HTTP Request: POST https://api.telegram.org/bot8469388059:AAEwHHPNzR3oUzI6ai9E4p4CXDHI8mVjzo4/answerCallbackQuery "HTTP/1.1 200 OK"
2025-09-27 15:24:34,850 - httpx - INFO - HTTP Request: POST https://api.telegram.org/bot8469388059:AAEwHHPNzR3oUzI6ai9E4p4CXDHI8mVjzo4/editMessageText "HTTP/1.1 200 OK"
2025-09-27 15:24:35,668 - httpx - INFO - HTTP Request: POST https://api.telegram.org/bot8469388059:AAEwHHPNzR3oUzI6ai9E4p4CXDHI8mVjzo4/getUpdates "HTTP/1.1 200 OK"
2025-09-27 15:24:35,748 - httpx - INFO - HTTP Request: POST https://api.telegram.org/bot8469388059:AAEwHHPNzR3oUzI6ai9E4p4CXDHI8mVjzo4/answerCallbackQuery "HTTP/1.1 200 OK"
2025-09-27 15:24:35,820 - httpx - INFO - HTTP Request: POST https://api.telegram.org/bot8469388059:AAEwHHPNzR3oUzI6ai9E4p4CXDHI8mVjzo4/editMessageText "HTTP/1.1 200 OK"
2025-09-27 15:24:38,656 - httpx - INFO - HTTP Request: POST https://api.telegram.org/bot8469388059:AAEwHHPNzR3oUzI6ai9E4p4CXDHI8mVjzo4/getUpdates "HTTP/1.1 200 OK"
2025-09-27 15:24:38,717 - httpx - INFO - HTTP Request: POST https://api.telegram.org/bot8469388059:AAEwHHPNzR3oUzI6ai9E4p4CXDHI8mVjzo4/answerCallbackQuery "HTTP/1.1 200 OK"
2025-09-27 15:24:38,782 - httpx - INFO - HTTP Request: POST https://api.telegram.org/bot8469388059:AAEwHHPNzR3oUzI6ai9E4p4CXDHI8mVjzo4/editMessageText "HTTP/1.1 200 OK"
2025-09-27 15:24:39,657 - httpx - INFO - HTTP Request: POST https://api.telegram.org/bot8469388059:AAEwHHPNzR3oUzI6ai9E4p4CXDHI8mVjzo4/getUpdates "HTTP/1.1 200 OK"
2025-09-27 15:24:39,713 - httpx - INFO - HTTP Request: POST https://api.telegram.org/bot8469388059:AAEwHHPNzR3oUzI6ai9E4p4CXDHI8mVjzo4/answerCallbackQuery "HTTP/1.1 200 OK"
2025-09-27 15:24:39,777 - httpx - INFO - HTTP Request: POST https://api.telegram.org/bot8469388059:AAEwHHPNzR3oUzI6ai9E4p4CXDHI8mVjzo4/editMessageText "HTTP/1.1 200 OK"
2025-09-27 15:24:41,253 - httpx - INFO - HTTP Request: POST https://api.telegram.org/bot8469388059:AAEwHHPNzR3oUzI6ai9E4p4CXDHI8mVjzo4/getUpdates "HTTP/1.1 200 OK"
2025-09-27 15:24:41,308 - httpx - INFO - HTTP Request: POST https://api.telegram.org/bot8469388059:AAEwHHPNzR3oUzI6ai9E4p4CXDHI8mVjzo4/answerCallbackQuery "HTTP/1.1 200 OK"
2025-09-27 15:24:41,395 - httpx - INFO - HTTP Request: POST https://api.telegram.org/bot8469388059:AAEwHHPNzR3oUzI6ai9E4p4CXDHI8mVjzo4/editMessageText "HTTP/1.1 200 OK"
2025-09-27 15:24:43,473 - httpx - INFO - HTTP Request: POST https://api.telegram.org/bot8469388059:AAEwHHPNzR3oUzI6ai9E4p4CXDHI8mVjzo4/getUpdates "HTTP/1.1 200 OK"
2025-09-27 15:24:43,545 - httpx - INFO - HTTP Request: POST https://api.telegram.org/bot8469388059:AAEwHHPNzR3oUzI6ai9E4p4CXDHI8mVjzo4/answerCallbackQuery "HTTP/1.1 200 OK"
2025-09-27 15:24:43,624 - httpx - INFO - HTTP Request: POST https://api.telegram.org/bot8469388059:AAEwHHPNzR3oUzI6ai9E4p4CXDHI8mVjzo4/editMessageText "HTTP/1.1 200 OK"
2025-09-27 15:24:44,862 - httpx - INFO - HTTP Request: POST https://api.telegram.org/bot8469388059:AAEwHHPNzR3oUzI6ai9E4p4CXDHI8mVjzo4/getUpdates "HTTP/1.1 200 OK"
2025-09-27 15:24:44,916 - httpx - INFO - HTTP Request: POST https://api.telegram.org/bot8469388059:AAEwHHPNzR3oUzI6ai9E4p4CXDHI8mVjzo4/answerCallbackQuery "HTTP/1.1 200 OK"
2025-09-27 15:24:44,982 - httpx - INFO - HTTP Request: POST https://api.telegram.org/bot8469388059:AAEwHHPNzR3oUzI6ai9E4p4CXDHI8mVjzo4/editMessageText "HTTP/1.1 200 OK"
2025-09-27 15:24:45,670 - httpx - INFO - HTTP Request: POST https://api.telegram.org/bot8469388059:AAEwHHPNzR3oUzI6ai9E4p4CXDHI8mVjzo4/getUpdates "HTTP/1.1 200 OK"
2025-09-27 15:24:45,726 - httpx - INFO - HTTP Request: POST https://api.telegram.org/bot8469388059:AAEwHHPNzR3oUzI6ai9E4p4CXDHI8mVjzo4/answerCallbackQuery "HTTP/1.1 200 OK"
2025-09-27 15:24:45,803 - httpx - INFO - HTTP Request: POST https://api.telegram.org/bot8469388059:AAEwHHPNzR3oUzI6ai9E4p4CXDHI8mVjzo4/editMessageText "HTTP/1.1 200 OK"
2025-09-27 15:24:50,176 - httpx - INFO - HTTP Request: POST https://api.telegram.org/bot8469388059:AAEwHHPNzR3oUzI6ai9E4p4CXDHI8mVjzo4/getUpdates "HTTP/1.1 200 OK"
2025-09-27 15:24:50,262 - httpx - INFO - HTTP Request: POST https://api.telegram.org/bot8469388059:AAEwHHPNzR3oUzI6ai9E4p4CXDHI8mVjzo4/sendMessage "HTTP/1.1 200 OK"
2025-09-27 15:24:50,336 - httpx - INFO - HTTP Request: POST https://api.telegram.org/bot8469388059:AAEwHHPNzR3oUzI6ai9E4p4CXDHI8mVjzo4/deleteMessage "HTTP/1.1 200 OK"
2025-09-27 15:24:50,471 - httpx - INFO - HTTP Request: POST https://api.telegram.org/bot8469388059:AAEwHHPNzR3oUzI6ai9E4p4CXDHI8mVjzo4/sendPhoto "HTTP/1.1 200 OK"
2025-09-27 15:24:50,550 - httpx - INFO - HTTP Request: POST https://api.telegram.org/bot8469388059:AAEwHHPNzR3oUzI6ai9E4p4CXDHI8mVjzo4/sendMessage "HTTP/1.1 200 OK"
2025-09-27 15:24:57,025 - httpx - INFO - HTTP Request: POST https://api.telegram.org/bot8469388059:AAEwHHPNzR3oUzI6ai9E4p4CXDHI8mVjzo4/getUpdates "HTTP/1.1 200 OK"
2025-09-27 15:24:57,232 - httpx - INFO - HTTP Request: POST https://api.telegram.org/bot8469388059:AAEwHHPNzR3oUzI6ai9E4p4CXDHI8mVjzo4/answerCallbackQuery "HTTP/1.1 200 OK"
2025-09-27 15:24:57,343 - httpx - INFO - HTTP Request: POST https://api.telegram.org/bot8469388059:AAEwHHPNzR3oUzI6ai9E4p4CXDHI8mVjzo4/editMessageText "HTTP/1.1 200 OK"
2025-09-27 15:24:59,010 - httpx - INFO - HTTP Request: POST https://api.telegram.org/bot8469388059:AAEwHHPNzR3oUzI6ai9E4p4CXDHI8mVjzo4/getUpdates "HTTP/1.1 200 OK"
2025-09-27 15:24:59,088 - httpx - INFO - HTTP Request: POST https://api.telegram.org/bot8469388059:AAEwHHPNzR3oUzI6ai9E4p4CXDHI8mVjzo4/answerCallbackQuery "HTTP/1.1 200 OK"
2025-09-27 15:24:59,189 - httpx - INFO - HTTP Request: POST https://api.telegram.org/bot8469388059:AAEwHHPNzR3oUzI6ai9E4p4CXDHI8mVjzo4/editMessageText "HTTP/1.1 200 OK"
2025-09-27 15:25:03,505 - httpx - INFO - HTTP Request: POST https://api.telegram.org/bot8469388059:AAEwHHPNzR3oUzI6ai9E4p4CXDHI8mVjzo4/getUpdates "HTTP/1.1 200 OK"
2025-09-27 15:25:03,577 - httpx - INFO - HTTP Request: POST https://api.telegram.org/bot8469388059:AAEwHHPNzR3oUzI6ai9E4p4CXDHI8mVjzo4/sendMessage "HTTP/1.1 200 OK"
2025-09-27 15:25:09,407 - httpx - INFO - HTTP Request: POST https://api.telegram.org/bot8469388059:AAEwHHPNzR3oUzI6ai9E4p4CXDHI8mVjzo4/getUpdates "HTTP/1.1 200 OK"
2025-09-27 15:25:09,676 - httpx - INFO - HTTP Request: POST https://api.telegram.org/bot8469388059:AAEwHHPNzR3oUzI6ai9E4p4CXDHI8mVjzo4/sendMessage "HTTP/1.1 200 OK"
2025-09-27 15:25:09,821 - httpx - INFO - HTTP Request: POST https://api.telegram.org/bot8469388059:AAEwHHPNzR3oUzI6ai9E4p4CXDHI8mVjzo4/deleteMessage "HTTP/1.1 200 OK"
2025-09-27 15:25:09,998 - httpx - INFO - HTTP Request: POST https://api.telegram.org/bot8469388059:AAEwHHPNzR3oUzI6ai9E4p4CXDHI8mVjzo4/sendPhoto "HTTP/1.1 200 OK"
2025-09-27 15:25:10,075 - httpx - INFO - HTTP Request: POST https://api.telegram.org/bot8469388059:AAEwHHPNzR3oUzI6ai9E4p4CXDHI8mVjzo4/sendMessage "HTTP/1.1 200 OK"
2025-09-27 15:25:13,022 - httpx - INFO - HTTP Request: POST https://api.telegram.org/bot8469388059:AAEwHHPNzR3oUzI6ai9E4p4CXDHI8mVjzo4/getUpdates "HTTP/1.1 200 OK"
2025-09-27 15:25:13,075 - httpx - INFO - HTTP Request: POST https://api.telegram.org/bot8469388059:AAEwHHPNzR3oUzI6ai9E4p4CXDHI8mVjzo4/answerCallbackQuery "HTTP/1.1 200 OK"
2025-09-27 15:25:13,143 - httpx - INFO - HTTP Request: POST https://api.telegram.org/bot8469388059:AAEwHHPNzR3oUzI6ai9E4p4CXDHI8mVjzo4/editMessageText "HTTP/1.1 200 OK"
2025-09-27 15:25:13,992 - httpx - INFO - HTTP Request: POST https://api.telegram.org/bot8469388059:AAEwHHPNzR3oUzI6ai9E4p4CXDHI8mVjzo4/getUpdates "HTTP/1.1 200 OK"
2025-09-27 15:25:14,047 - httpx - INFO - HTTP Request: POST https://api.telegram.org/bot8469388059:AAEwHHPNzR3oUzI6ai9E4p4CXDHI8mVjzo4/answerCallbackQuery "HTTP/1.1 200 OK"
2025-09-27 15:25:14,125 - httpx - INFO - HTTP Request: POST https://api.telegram.org/bot8469388059:AAEwHHPNzR3oUzI6ai9E4p4CXDHI8mVjzo4/editMessageText "HTTP/1.1 200 OK"
2025-09-27 15:25:18,056 - httpx - INFO - HTTP Request: POST https://api.telegram.org/bot8469388059:AAEwHHPNzR3oUzI6ai9E4p4CXDHI8mVjzo4/getUpdates "HTTP/1.1 200 OK"
2025-09-27 15:25:18,149 - httpx - INFO - HTTP Request: POST https://api.telegram.org/bot8469388059:AAEwHHPNzR3oUzI6ai9E4p4CXDHI8mVjzo4/answerCallbackQuery "HTTP/1.1 200 OK"
2025-09-27 15:25:18,251 - httpx - INFO - HTTP Request: POST https://api.telegram.org/bot8469388059:AAEwHHPNzR3oUzI6ai9E4p4CXDHI8mVjzo4/editMessageText "HTTP/1.1 200 OK"
2025-09-27 15:25:19,356 - httpx - INFO - HTTP Request: POST https://api.telegram.org/bot8469388059:AAEwHHPNzR3oUzI6ai9E4p4CXDHI8mVjzo4/getUpdates "HTTP/1.1 200 OK"
2025-09-27 15:25:19,417 - httpx - INFO - HTTP Request: POST https://api.telegram.org/bot8469388059:AAEwHHPNzR3oUzI6ai9E4p4CXDHI8mVjzo4/answerCallbackQuery "HTTP/1.1 200 OK"
2025-09-27 15:25:19,482 - httpx - INFO - HTTP Request: POST https://api.telegram.org/bot8469388059:AAEwHHPNzR3oUzI6ai9E4p4CXDHI8mVjzo4/editMessageText "HTTP/1.1 200 OK"
2025-09-27 15:25:28,005 - httpx - INFO - HTTP Request: POST https://api.telegram.org/bot8469388059:AAEwHHPNzR3oUzI6ai9E4p4CXDHI8mVjzo4/getUpdates "HTTP/1.1 200 OK"
2025-09-27 15:25:28,196 - httpx - INFO - HTTP Request: POST https://api.telegram.org/bot8469388059:AAEwHHPNzR3oUzI6ai9E4p4CXDHI8mVjzo4/answerCallbackQuery "HTTP/1.1 200 OK"
2025-09-27 15:25:28,288 - httpx - INFO - HTTP Request: POST https://api.telegram.org/bot8469388059:AAEwHHPNzR3oUzI6ai9E4p4CXDHI8mVjzo4/editMessageText "HTTP/1.1 200 OK"
2025-09-27 15:25:30,492 - httpx - INFO - HTTP Request: POST https://api.telegram.org/bot8469388059:AAEwHHPNzR3oUzI6ai9E4p4CXDHI8mVjzo4/getUpdates "HTTP/1.1 200 OK"
2025-09-27 15:25:30,557 - httpx - INFO - HTTP Request: POST https://api.telegram.org/bot8469388059:AAEwHHPNzR3oUzI6ai9E4p4CXDHI8mVjzo4/answerCallbackQuery "HTTP/1.1 200 OK"
2025-09-27 15:25:30,631 - httpx - INFO - HTTP Request: POST https://api.telegram.org/bot8469388059:AAEwHHPNzR3oUzI6ai9E4p4CXDHI8mVjzo4/editMessageText "HTTP/1.1 200 OK"
2025-09-27 15:25:32,277 - httpx - INFO - HTTP Request: POST https://api.telegram.org/bot8469388059:AAEwHHPNzR3oUzI6ai9E4p4CXDHI8mVjzo4/getUpdates "HTTP/1.1 200 OK"
2025-09-27 15:25:32,332 - httpx - INFO - HTTP Request: POST https://api.telegram.org/bot8469388059:AAEwHHPNzR3oUzI6ai9E4p4CXDHI8mVjzo4/answerCallbackQuery "HTTP/1.1 200 OK"
2025-09-27 15:25:32,400 - httpx - INFO - HTTP Request: POST https://api.telegram.org/bot8469388059:AAEwHHPNzR3oUzI6ai9E4p4CXDHI8mVjzo4/editMessageText "HTTP/1.1 200 OK"
2025-09-27 15:25:32,939 - httpx - INFO - HTTP Request: POST https://api.telegram.org/bot8469388059:AAEwHHPNzR3oUzI6ai9E4p4CXDHI8mVjzo4/getUpdates "HTTP/1.1 200 OK"
2025-09-27 15:25:33,030 - httpx - INFO - HTTP Request: POST https://api.telegram.org/bot8469388059:AAEwHHPNzR3oUzI6ai9E4p4CXDHI8mVjzo4/answerCallbackQuery "HTTP/1.1 200 OK"
2025-09-27 15:25:33,140 - httpx - INFO - HTTP Request: POST https://api.telegram.org/bot8469388059:AAEwHHPNzR3oUzI6ai9E4p4CXDHI8mVjzo4/editMessageText "HTTP/1.1 200 OK"
2025-09-27 15:25:34,261 - httpx - INFO - HTTP Request: POST https://api.telegram.org/bot8469388059:AAEwHHPNzR3oUzI6ai9E4p4CXDHI8mVjzo4/getUpdates "HTTP/1.1 200 OK"
2025-09-27 15:25:34,370 - httpx - INFO - HTTP Request: POST https://api.telegram.org/bot8469388059:AAEwHHPNzR3oUzI6ai9E4p4CXDHI8mVjzo4/answerCallbackQuery "HTTP/1.1 200 OK"
2025-09-27 15:25:34,478 - httpx - INFO - HTTP Request: POST https://api.telegram.org/bot8469388059:AAEwHHPNzR3oUzI6ai9E4p4CXDHI8mVjzo4/editMessageText "HTTP/1.1 200 OK"
2025-09-27 15:25:39,245 - httpx - INFO - HTTP Request: POST https://api.telegram.org/bot8469388059:AAEwHHPNzR3oUzI6ai9E4p4CXDHI8mVjzo4/getUpdates "HTTP/1.1 200 OK"
2025-09-27 15:25:39,338 - httpx - INFO - HTTP Request: POST https://api.telegram.org/bot8469388059:AAEwHHPNzR3oUzI6ai9E4p4CXDHI8mVjzo4/sendMessage "HTTP/1.1 200 OK"
2025-09-27 15:25:47,158 - httpx - INFO - HTTP Request: POST https://api.telegram.org/bot8469388059:AAEwHHPNzR3oUzI6ai9E4p4CXDHI8mVjzo4/getUpdates "HTTP/1.1 200 OK"
2025-09-27 15:25:47,338 - httpx - INFO - HTTP Request: POST https://api.telegram.org/bot8469388059:AAEwHHPNzR3oUzI6ai9E4p4CXDHI8mVjzo4/sendMessage "HTTP/1.1 200 OK"
2025-09-27 15:25:47,414 - httpx - INFO - HTTP Request: POST https://api.telegram.org/bot8469388059:AAEwHHPNzR3oUzI6ai9E4p4CXDHI8mVjzo4/deleteMessage "HTTP/1.1 200 OK"
2025-09-27 15:25:47,993 - httpx - INFO - HTTP Request: POST https://api.telegram.org/bot8469388059:AAEwHHPNzR3oUzI6ai9E4p4CXDHI8mVjzo4/sendPhoto "HTTP/1.1 200 OK"
2025-09-27 15:25:48,070 - httpx - INFO - HTTP Request: POST https://api.telegram.org/bot8469388059:AAEwHHPNzR3oUzI6ai9E4p4CXDHI8mVjzo4/sendMessage "HTTP/1.1 200 OK"
2025-09-27 15:25:49,842 - httpx - INFO - HTTP Request: POST https://api.telegram.org/bot8469388059:AAEwHHPNzR3oUzI6ai9E4p4CXDHI8mVjzo4/getUpdates "HTTP/1.1 200 OK"
2025-09-27 15:25:50,004 - httpx - INFO - HTTP Request: POST https://api.telegram.org/bot8469388059:AAEwHHPNzR3oUzI6ai9E4p4CXDHI8mVjzo4/answerCallbackQuery "HTTP/1.1 200 OK"
2025-09-27 15:25:50,166 - httpx - INFO - HTTP Request: POST https://api.telegram.org/bot8469388059:AAEwHHPNzR3oUzI6ai9E4p4CXDHI8mVjzo4/editMessageText "HTTP/1.1 200 OK"
2025-09-27 15:25:51,700 - httpx - INFO - HTTP Request: POST https://api.telegram.org/bot8469388059:AAEwHHPNzR3oUzI6ai9E4p4CXDHI8mVjzo4/getUpdates "HTTP/1.1 200 OK"
2025-09-27 15:25:51,835 - httpx - INFO - HTTP Request: POST https://api.telegram.org/bot8469388059:AAEwHHPNzR3oUzI6ai9E4p4CXDHI8mVjzo4/answerCallbackQuery "HTTP/1.1 200 OK"
2025-09-27 15:25:51,962 - httpx - INFO - HTTP Request: POST https://api.telegram.org/bot8469388059:AAEwHHPNzR3oUzI6ai9E4p4CXDHI8mVjzo4/editMessageText "HTTP/1.1 200 OK"
2025-09-27 15:25:52,773 - httpx - INFO - HTTP Request: POST https://api.telegram.org/bot8469388059:AAEwHHPNzR3oUzI6ai9E4p4CXDHI8mVjzo4/getUpdates "HTTP/1.1 200 OK"
2025-09-27 15:25:52,866 - httpx - INFO - HTTP Request: POST https://api.telegram.org/bot8469388059:AAEwHHPNzR3oUzI6ai9E4p4CXDHI8mVjzo4/answerCallbackQuery "HTTP/1.1 200 OK"
2025-09-27 15:25:52,965 - httpx - INFO - HTTP Request: POST https://api.telegram.org/bot8469388059:AAEwHHPNzR3oUzI6ai9E4p4CXDHI8mVjzo4/editMessageText "HTTP/1.1 200 OK"
2025-09-27 15:25:55,595 - httpx - INFO - HTTP Request: POST https://api.telegram.org/bot8469388059:AAEwHHPNzR3oUzI6ai9E4p4CXDHI8mVjzo4/getUpdates "HTTP/1.1 200 OK"
2025-09-27 15:25:55,709 - httpx - INFO - HTTP Request: POST https://api.telegram.org/bot8469388059:AAEwHHPNzR3oUzI6ai9E4p4CXDHI8mVjzo4/sendMessage "HTTP/1.1 200 OK"
2025-09-27 15:25:57,867 - httpx - INFO - HTTP Request: POST https://api.telegram.org/bot8469388059:AAEwHHPNzR3oUzI6ai9E4p4CXDHI8mVjzo4/getUpdates "HTTP/1.1 200 OK"
2025-09-27 15:25:57,994 - httpx - INFO - HTTP Request: POST https://api.telegram.org/bot8469388059:AAEwHHPNzR3oUzI6ai9E4p4CXDHI8mVjzo4/sendMessage "HTTP/1.1 200 OK"
2025-09-27 15:25:58,134 - httpx - INFO - HTTP Request: POST https://api.telegram.org/bot8469388059:AAEwHHPNzR3oUzI6ai9E4p4CXDHI8mVjzo4/deleteMessage "HTTP/1.1 200 OK"
2025-09-27 15:25:58,370 - httpx - INFO - HTTP Request: POST https://api.telegram.org/bot8469388059:AAEwHHPNzR3oUzI6ai9E4p4CXDHI8mVjzo4/sendPhoto "HTTP/1.1 200 OK"
2025-09-27 15:25:58,481 - httpx - INFO - HTTP Request: POST https://api.telegram.org/bot8469388059:AAEwHHPNzR3oUzI6ai9E4p4CXDHI8mVjzo4/sendMessage "HTTP/1.1 200 OK"
2025-09-27 15:26:01,130 - httpx - INFO - HTTP Request: POST https://api.telegram.org/bot8469388059:AAEwHHPNzR3oUzI6ai9E4p4CXDHI8mVjzo4/getUpdates "HTTP/1.1 200 OK"
2025-09-27 15:26:01,252 - httpx - INFO - HTTP Request: POST https://api.telegram.org/bot8469388059:AAEwHHPNzR3oUzI6ai9E4p4CXDHI8mVjzo4/answerCallbackQuery "HTTP/1.1 200 OK"
2025-09-27 15:26:01,377 - httpx - INFO - HTTP Request: POST https://api.telegram.org/bot8469388059:AAEwHHPNzR3oUzI6ai9E4p4CXDHI8mVjzo4/editMessageText "HTTP/1.1 200 OK"
2025-09-27 15:26:02,867 - httpx - INFO - HTTP Request: POST https://api.telegram.org/bot8469388059:AAEwHHPNzR3oUzI6ai9E4p4CXDHI8mVjzo4/getUpdates "HTTP/1.1 200 OK"
2025-09-27 15:26:02,998 - httpx - INFO - HTTP Request: POST https://api.telegram.org/bot8469388059:AAEwHHPNzR3oUzI6ai9E4p4CXDHI8mVjzo4/answerCallbackQuery "HTTP/1.1 200 OK"
2025-09-27 15:26:03,167 - httpx - INFO - HTTP Request: POST https://api.telegram.org/bot8469388059:AAEwHHPNzR3oUzI6ai9E4p4CXDHI8mVjzo4/editMessageText "HTTP/1.1 200 OK"
2025-09-27 15:26:12,927 - httpx - INFO - HTTP Request: POST https://api.telegram.org/bot8469388059:AAEwHHPNzR3oUzI6ai9E4p4CXDHI8mVjzo4/getUpdates "HTTP/1.1 200 OK"
2025-09-27 15:26:19,849 - httpx - INFO - HTTP Request: POST https://api.telegram.org/bot8469388059:AAEwHHPNzR3oUzI6ai9E4p4CXDHI8mVjzo4/getUpdates "HTTP/1.1 200 OK"
2025-09-27 15:26:20,001 - httpx - INFO - HTTP Request: POST https://api.telegram.org/bot8469388059:AAEwHHPNzR3oUzI6ai9E4p4CXDHI8mVjzo4/answerCallbackQuery "HTTP/1.1 200 OK"
2025-09-27 15:26:20,065 - httpx - INFO - HTTP Request: POST https://api.telegram.org/bot8469388059:AAEwHHPNzR3oUzI6ai9E4p4CXDHI8mVjzo4/editMessageText "HTTP/1.1 200 OK"
2025-09-27 15:26:28,292 - httpx - INFO - HTTP Request: POST https://api.telegram.org/bot8469388059:AAEwHHPNzR3oUzI6ai9E4p4CXDHI8mVjzo4/getUpdates "HTTP/1.1 200 OK"
2025-09-27 15:26:28,447 - httpx - INFO - HTTP Request: POST https://api.telegram.org/bot8469388059:AAEwHHPNzR3oUzI6ai9E4p4CXDHI8mVjzo4/sendMessage "HTTP/1.1 200 OK"
2025-09-27 15:26:28,498 - httpx - INFO - HTTP Request: POST https://api.telegram.org/bot8469388059:AAEwHHPNzR3oUzI6ai9E4p4CXDHI8mVjzo4/deleteMessage "HTTP/1.1 200 OK"
2025-09-27 15:26:28,603 - httpx - INFO - HTTP Request: POST https://api.telegram.org/bot8469388059:AAEwHHPNzR3oUzI6ai9E4p4CXDHI8mVjzo4/sendPhoto "HTTP/1.1 200 OK"
2025-09-27 15:26:28,673 - httpx - INFO - HTTP Request: POST https://api.telegram.org/bot8469388059:AAEwHHPNzR3oUzI6ai9E4p4CXDHI8mVjzo4/sendMessage "HTTP/1.1 200 OK"
2025-09-27 15:26:38,342 - httpx - INFO - HTTP Request: POST https://api.telegram.org/bot8469388059:AAEwHHPNzR3oUzI6ai9E4p4CXDHI8mVjzo4/getUpdates "HTTP/1.1 200 OK"
2025-09-27 15:26:44,939 - httpx - INFO - HTTP Request: POST https://api.telegram.org/bot8469388059:AAEwHHPNzR3oUzI6ai9E4p4CXDHI8mVjzo4/getUpdates "HTTP/1.1 200 OK"
2025-09-27 15:26:45,070 - httpx - INFO - HTTP Request: POST https://api.telegram.org/bot8469388059:AAEwHHPNzR3oUzI6ai9E4p4CXDHI8mVjzo4/answerCallbackQuery "HTTP/1.1 200 OK"
2025-09-27 15:26:45,129 - httpx - INFO - HTTP Request: POST https://api.telegram.org/bot8469388059:AAEwHHPNzR3oUzI6ai9E4p4CXDHI8mVjzo4/editMessageText "HTTP/1.1 200 OK"
2025-09-27 15:26:46,860 - httpx - INFO - HTTP Request: POST https://api.telegram.org/bot8469388059:AAEwHHPNzR3oUzI6ai9E4p4CXDHI8mVjzo4/getUpdates "HTTP/1.1 200 OK"
2025-09-27 15:26:46,907 - httpx - INFO - HTTP Request: POST https://api.telegram.org/bot8469388059:AAEwHHPNzR3oUzI6ai9E4p4CXDHI8mVjzo4/answerCallbackQuery "HTTP/1.1 200 OK"
2025-09-27 15:26:46,964 - httpx - INFO - HTTP Request: POST https://api.telegram.org/bot8469388059:AAEwHHPNzR3oUzI6ai9E4p4CXDHI8mVjzo4/editMessageText "HTTP/1.1 200 OK"
2025-09-27 15:26:48,230 - httpx - INFO - HTTP Request: POST https://api.telegram.org/bot8469388059:AAEwHHPNzR3oUzI6ai9E4p4CXDHI8mVjzo4/getUpdates "HTTP/1.1 200 OK"
2025-09-27 15:26:48,280 - httpx - INFO - HTTP Request: POST https://api.telegram.org/bot8469388059:AAEwHHPNzR3oUzI6ai9E4p4CXDHI8mVjzo4/answerCallbackQuery "HTTP/1.1 200 OK"
2025-09-27 15:26:48,339 - httpx - INFO - HTTP Request: POST https://api.telegram.org/bot8469388059:AAEwHHPNzR3oUzI6ai9E4p4CXDHI8mVjzo4/editMessageText "HTTP/1.1 200 OK"
2025-09-27 15:26:49,210 - httpx - INFO - HTTP Request: POST https://api.telegram.org/bot8469388059:AAEwHHPNzR3oUzI6ai9E4p4CXDHI8mVjzo4/getUpdates "HTTP/1.1 200 OK"
2025-09-27 15:26:49,264 - httpx - INFO - HTTP Request: POST https://api.telegram.org/bot8469388059:AAEwHHPNzR3oUzI6ai9E4p4CXDHI8mVjzo4/answerCallbackQuery "HTTP/1.1 200 OK"
2025-09-27 15:26:49,325 - httpx - INFO - HTTP Request: POST https://api.telegram.org/bot8469388059:AAEwHHPNzR3oUzI6ai9E4p4CXDHI8mVjzo4/editMessageText "HTTP/1.1 200 OK"
2025-09-27 15:26:51,518 - httpx - INFO - HTTP Request: POST https://api.telegram.org/bot8469388059:AAEwHHPNzR3oUzI6ai9E4p4CXDHI8mVjzo4/getUpdates "HTTP/1.1 200 OK"
2025-09-27 15:26:51,618 - httpx - INFO - HTTP Request: POST https://api.telegram.org/bot8469388059:AAEwHHPNzR3oUzI6ai9E4p4CXDHI8mVjzo4/answerCallbackQuery "HTTP/1.1 200 OK"
2025-09-27 15:26:51,737 - httpx - INFO - HTTP Request: POST https://api.telegram.org/bot8469388059:AAEwHHPNzR3oUzI6ai9E4p4CXDHI8mVjzo4/editMessageText "HTTP/1.1 200 OK"
2025-09-27 15:26:52,774 - httpx - INFO - HTTP Request: POST https://api.telegram.org/bot8469388059:AAEwHHPNzR3oUzI6ai9E4p4CXDHI8mVjzo4/getUpdates "HTTP/1.1 200 OK"
2025-09-27 15:26:52,867 - httpx - INFO - HTTP Request: POST https://api.telegram.org/bot8469388059:AAEwHHPNzR3oUzI6ai9E4p4CXDHI8mVjzo4/answerCallbackQuery "HTTP/1.1 200 OK"
2025-09-27 15:26:52,937 - httpx - INFO - HTTP Request: POST https://api.telegram.org/bot8469388059:AAEwHHPNzR3oUzI6ai9E4p4CXDHI8mVjzo4/editMessageText "HTTP/1.1 200 OK"
2025-09-27 15:26:55,135 - httpx - INFO - HTTP Request: POST https://api.telegram.org/bot8469388059:AAEwHHPNzR3oUzI6ai9E4p4CXDHI8mVjzo4/getUpdates "HTTP/1.1 200 OK"
2025-09-27 15:26:55,212 - httpx - INFO - HTTP Request: POST https://api.telegram.org/bot8469388059:AAEwHHPNzR3oUzI6ai9E4p4CXDHI8mVjzo4/answerCallbackQuery "HTTP/1.1 200 OK"
2025-09-27 15:26:55,302 - httpx - INFO - HTTP Request: POST https://api.telegram.org/bot8469388059:AAEwHHPNzR3oUzI6ai9E4p4CXDHI8mVjzo4/editMessageText "HTTP/1.1 200 OK"
2025-09-27 15:26:57,357 - httpx - INFO - HTTP Request: POST https://api.telegram.org/bot8469388059:AAEwHHPNzR3oUzI6ai9E4p4CXDHI8mVjzo4/getUpdates "HTTP/1.1 200 OK"
2025-09-27 15:26:57,421 - httpx - INFO - HTTP Request: POST https://api.telegram.org/bot8469388059:AAEwHHPNzR3oUzI6ai9E4p4CXDHI8mVjzo4/sendMessage "HTTP/1.1 200 OK"
2025-09-27 15:26:58,378 - httpx - INFO - HTTP Request: POST https://api.telegram.org/bot8469388059:AAEwHHPNzR3oUzI6ai9E4p4CXDHI8mVjzo4/getUpdates "HTTP/1.1 200 OK"
2025-09-27 15:26:58,442 - httpx - INFO - HTTP Request: POST https://api.telegram.org/bot8469388059:AAEwHHPNzR3oUzI6ai9E4p4CXDHI8mVjzo4/sendMessage "HTTP/1.1 200 OK"
2025-09-27 15:26:58,500 - httpx - INFO - HTTP Request: POST https://api.telegram.org/bot8469388059:AAEwHHPNzR3oUzI6ai9E4p4CXDHI8mVjzo4/deleteMessage "HTTP/1.1 200 OK"
2025-09-27 15:26:58,631 - httpx - INFO - HTTP Request: POST https://api.telegram.org/bot8469388059:AAEwHHPNzR3oUzI6ai9E4p4CXDHI8mVjzo4/sendPhoto "HTTP/1.1 200 OK"
2025-09-27 15:26:58,725 - httpx - INFO - HTTP Request: POST https://api.telegram.org/bot8469388059:AAEwHHPNzR3oUzI6ai9E4p4CXDHI8mVjzo4/sendMessage "HTTP/1.1 200 OK"
2025-09-27 15:27:06,163 - httpx - INFO - HTTP Request: POST https://api.telegram.org/bot8469388059:AAEwHHPNzR3oUzI6ai9E4p4CXDHI8mVjzo4/getUpdates "HTTP/1.1 200 OK"
2025-09-27 15:27:06,395 - httpx - INFO - HTTP Request: POST https://api.telegram.org/bot8469388059:AAEwHHPNzR3oUzI6ai9E4p4CXDHI8mVjzo4/answerCallbackQuery "HTTP/1.1 200 OK"
2025-09-27 15:27:06,534 - httpx - INFO - HTTP Request: POST https://api.telegram.org/bot8469388059:AAEwHHPNzR3oUzI6ai9E4p4CXDHI8mVjzo4/editMessageText "HTTP/1.1 200 OK"
2025-09-27 15:27:07,991 - httpx - INFO - HTTP Request: POST https://api.telegram.org/bot8469388059:AAEwHHPNzR3oUzI6ai9E4p4CXDHI8mVjzo4/getUpdates "HTTP/1.1 200 OK"
2025-09-27 15:27:08,056 - httpx - INFO - HTTP Request: POST https://api.telegram.org/bot8469388059:AAEwHHPNzR3oUzI6ai9E4p4CXDHI8mVjzo4/answerCallbackQuery "HTTP/1.1 200 OK"
2025-09-27 15:27:08,140 - httpx - INFO - HTTP Request: POST https://api.telegram.org/bot8469388059:AAEwHHPNzR3oUzI6ai9E4p4CXDHI8mVjzo4/editMessageText "HTTP/1.1 200 OK"
2025-09-27 15:27:09,721 - httpx - INFO - HTTP Request: POST https://api.telegram.org/bot8469388059:AAEwHHPNzR3oUzI6ai9E4p4CXDHI8mVjzo4/getUpdates "HTTP/1.1 200 OK"
2025-09-27 15:27:09,798 - httpx - INFO - HTTP Request: POST https://api.telegram.org/bot8469388059:AAEwHHPNzR3oUzI6ai9E4p4CXDHI8mVjzo4/answerCallbackQuery "HTTP/1.1 200 OK"
2025-09-27 15:27:09,900 - httpx - INFO - HTTP Request: POST https://api.telegram.org/bot8469388059:AAEwHHPNzR3oUzI6ai9E4p4CXDHI8mVjzo4/editMessageText "HTTP/1.1 200 OK"
2025-09-27 15:27:12,367 - httpx - INFO - HTTP Request: POST https://api.telegram.org/bot8469388059:AAEwHHPNzR3oUzI6ai9E4p4CXDHI8mVjzo4/getUpdates "HTTP/1.1 200 OK"
2025-09-27 15:27:12,470 - httpx - INFO - HTTP Request: POST https://api.telegram.org/bot8469388059:AAEwHHPNzR3oUzI6ai9E4p4CXDHI8mVjzo4/sendMessage "HTTP/1.1 200 OK"
2025-09-27 15:27:13,651 - httpx - INFO - HTTP Request: POST https://api.telegram.org/bot8469388059:AAEwHHPNzR3oUzI6ai9E4p4CXDHI8mVjzo4/getUpdates "HTTP/1.1 200 OK"
2025-09-27 15:27:13,788 - httpx - INFO - HTTP Request: POST https://api.telegram.org/bot8469388059:AAEwHHPNzR3oUzI6ai9E4p4CXDHI8mVjzo4/sendMessage "HTTP/1.1 200 OK"
2025-09-27 15:27:13,916 - httpx - INFO - HTTP Request: POST https://api.telegram.org/bot8469388059:AAEwHHPNzR3oUzI6ai9E4p4CXDHI8mVjzo4/deleteMessage "HTTP/1.1 200 OK"
2025-09-27 15:27:14,136 - httpx - INFO - HTTP Request: POST https://api.telegram.org/bot8469388059:AAEwHHPNzR3oUzI6ai9E4p4CXDHI8mVjzo4/sendPhoto "HTTP/1.1 200 OK"
2025-09-27 15:27:14,253 - httpx - INFO - HTTP Request: POST https://api.telegram.org/bot8469388059:AAEwHHPNzR3oUzI6ai9E4p4CXDHI8mVjzo4/sendMessage "HTTP/1.1 200 OK"
2025-09-27 15:27:23,702 - httpx - INFO - HTTP Request: POST https://api.telegram.org/bot8469388059:AAEwHHPNzR3oUzI6ai9E4p4CXDHI8mVjzo4/getUpdates "HTTP/1.1 200 OK"
2025-09-27 15:27:28,001 - httpx - INFO - HTTP Request: POST https://api.telegram.org/bot8469388059:AAEwHHPNzR3oUzI6ai9E4p4CXDHI8mVjzo4/getUpdates "HTTP/1.1 200 OK"
2025-09-27 15:27:28,152 - httpx - INFO - HTTP Request: POST https://api.telegram.org/bot8469388059:AAEwHHPNzR3oUzI6ai9E4p4CXDHI8mVjzo4/answerCallbackQuery "HTTP/1.1 200 OK"
2025-09-27 15:27:28,222 - httpx - INFO - HTTP Request: POST https://api.telegram.org/bot8469388059:AAEwHHPNzR3oUzI6ai9E4p4CXDHI8mVjzo4/editMessageText "HTTP/1.1 200 OK"
2025-09-27 15:27:38,050 - httpx - INFO - HTTP Request: POST https://api.telegram.org/bot8469388059:AAEwHHPNzR3oUzI6ai9E4p4CXDHI8mVjzo4/getUpdates "HTTP/1.1 200 OK"
2025-09-27 15:27:48,099 - httpx - INFO - HTTP Request: POST https://api.telegram.org/bot8469388059:AAEwHHPNzR3oUzI6ai9E4p4CXDHI8mVjzo4/getUpdates "HTTP/1.1 200 OK"
2025-09-27 15:27:58,150 - httpx - INFO - HTTP Request: POST https://api.telegram.org/bot8469388059:AAEwHHPNzR3oUzI6ai9E4p4CXDHI8mVjzo4/getUpdates "HTTP/1.1 200 OK"
2025-09-27 15:28:08,201 - httpx - INFO - HTTP Request: POST https://api.telegram.org/bot8469388059:AAEwHHPNzR3oUzI6ai9E4p4CXDHI8mVjzo4/getUpdates "HTTP/1.1 200 OK"
2025-09-27 15:28:18,250 - httpx - INFO - HTTP Request: POST https://api.telegram.org/bot8469388059:AAEwHHPNzR3oUzI6ai9E4p4CXDHI8mVjzo4/getUpdates "HTTP/1.1 200 OK"
2025-09-27 15:28:28,301 - httpx - INFO - HTTP Request: POST https://api.telegram.org/bot8469388059:AAEwHHPNzR3oUzI6ai9E4p4CXDHI8mVjzo4/getUpdates "HTTP/1.1 200 OK"
2025-09-27 15:28:38,350 - httpx - INFO - HTTP Request: POST https://api.telegram.org/bot8469388059:AAEwHHPNzR3oUzI6ai9E4p4CXDHI8mVjzo4/getUpdates "HTTP/1.1 200 OK"
2025-09-27 15:28:48,401 - httpx - INFO - HTTP Request: POST https://api.telegram.org/bot8469388059:AAEwHHPNzR3oUzI6ai9E4p4CXDHI8mVjzo4/getUpdates "HTTP/1.1 200 OK"
2025-09-27 15:28:58,451 - httpx - INFO - HTTP Request: POST https://api.telegram.org/bot8469388059:AAEwHHPNzR3oUzI6ai9E4p4CXDHI8mVjzo4/getUpdates "HTTP/1.1 200 OK"
2025-09-27 15:29:08,500 - httpx - INFO - HTTP Request: POST https://api.telegram.org/bot8469388059:AAEwHHPNzR3oUzI6ai9E4p4CXDHI8mVjzo4/getUpdates "HTTP/1.1 200 OK"
2025-09-27 15:29:18,551 - httpx - INFO - HTTP Request: POST https://api.telegram.org/bot8469388059:AAEwHHPNzR3oUzI6ai9E4p4CXDHI8mVjzo4/getUpdates "HTTP/1.1 200 OK"
2025-09-27 15:29:28,603 - httpx - INFO - HTTP Request: POST https://api.telegram.org/bot8469388059:AAEwHHPNzR3oUzI6ai9E4p4CXDHI8mVjzo4/getUpdates "HTTP/1.1 200 OK"
2025-09-27 15:29:38,653 - httpx - INFO - HTTP Request: POST https://api.telegram.org/bot8469388059:AAEwHHPNzR3oUzI6ai9E4p4CXDHI8mVjzo4/getUpdates "HTTP/1.1 200 OK"
2025-09-27 15:29:48,702 - httpx - INFO - HTTP Request: POST https://api.telegram.org/bot8469388059:AAEwHHPNzR3oUzI6ai9E4p4CXDHI8mVjzo4/getUpdates "HTTP/1.1 200 OK"
2025-09-27 15:29:58,753 - httpx - INFO - HTTP Request: POST https://api.telegram.org/bot8469388059:AAEwHHPNzR3oUzI6ai9E4p4CXDHI8mVjzo4/getUpdates "HTTP/1.1 200 OK"
2025-09-27 15:30:08,802 - httpx - INFO - HTTP Request: POST https://api.telegram.org/bot8469388059:AAEwHHPNzR3oUzI6ai9E4p4CXDHI8mVjzo4/getUpdates "HTTP/1.1 200 OK"
2025-09-27 15:30:18,855 - httpx - INFO - HTTP Request: POST https://api.telegram.org/bot8469388059:AAEwHHPNzR3oUzI6ai9E4p4CXDHI8mVjzo4/getUpdates "HTTP/1.1 200 OK"
2025-09-27 15:30:28,905 - httpx - INFO - HTTP Request: POST https://api.telegram.org/bot8469388059:AAEwHHPNzR3oUzI6ai9E4p4CXDHI8mVjzo4/getUpdates "HTTP/1.1 200 OK"
2025-09-27 15:30:38,956 - httpx - INFO - HTTP Request: POST https://api.telegram.org/bot8469388059:AAEwHHPNzR3oUzI6ai9E4p4CXDHI8mVjzo4/getUpdates "HTTP/1.1 200 OK"
2025-09-27 15:30:49,004 - httpx - INFO - HTTP Request: POST https://api.telegram.org/bot8469388059:AAEwHHPNzR3oUzI6ai9E4p4CXDHI8mVjzo4/getUpdates "HTTP/1.1 200 OK"
2025-09-27 15:30:59,054 - httpx - INFO - HTTP Request: POST https://api.telegram.org/bot8469388059:AAEwHHPNzR3oUzI6ai9E4p4CXDHI8mVjzo4/getUpdates "HTTP/1.1 200 OK"
2025-09-27 15:31:09,103 - httpx - INFO - HTTP Request: POST https://api.telegram.org/bot8469388059:AAEwHHPNzR3oUzI6ai9E4p4CXDHI8mVjzo4/getUpdates "HTTP/1.1 200 OK"
2025-09-27 15:31:19,151 - httpx - INFO - HTTP Request: POST https://api.telegram.org/bot8469388059:AAEwHHPNzR3oUzI6ai9E4p4CXDHI8mVjzo4/getUpdates "HTTP/1.1 200 OK"
2025-09-27 15:31:29,200 - httpx - INFO - HTTP Request: POST https://api.telegram.org/bot8469388059:AAEwHHPNzR3oUzI6ai9E4p4CXDHI8mVjzo4/getUpdates "HTTP/1.1 200 OK"
2025-09-27 15:31:39,248 - httpx - INFO - HTTP Request: POST https://api.telegram.org/bot8469388059:AAEwHHPNzR3oUzI6ai9E4p4CXDHI8mVjzo4/getUpdates "HTTP/1.1 200 OK"
2025-09-27 15:31:49,299 - httpx - INFO - HTTP Request: POST https://api.telegram.org/bot8469388059:AAEwHHPNzR3oUzI6ai9E4p4CXDHI8mVjzo4/getUpdates "HTTP/1.1 200 OK"
2025-09-27 15:31:59,350 - httpx - INFO - HTTP Request: POST https://api.telegram.org/bot8469388059:AAEwHHPNzR3oUzI6ai9E4p4CXDHI8mVjzo4/getUpdates "HTTP/1.1 200 OK"
2025-09-27 15:32:09,406 - httpx - INFO - HTTP Request: POST https://api.telegram.org/bot8469388059:AAEwHHPNzR3oUzI6ai9E4p4CXDHI8mVjzo4/getUpdates "HTTP/1.1 200 OK"
2025-09-27 15:32:19,455 - httpx - INFO - HTTP Request: POST https://api.telegram.org/bot8469388059:AAEwHHPNzR3oUzI6ai9E4p4CXDHI8mVjzo4/getUpdates "HTTP/1.1 200 OK"
2025-09-27 15:32:29,504 - httpx - INFO - HTTP Request: POST https://api.telegram.org/bot8469388059:AAEwHHPNzR3oUzI6ai9E4p4CXDHI8mVjzo4/getUpdates "HTTP/1.1 200 OK"
2025-09-27 15:32:39,556 - httpx - INFO - HTTP Request: POST https://api.telegram.org/bot8469388059:AAEwHHPNzR3oUzI6ai9E4p4CXDHI8mVjzo4/getUpdates "HTTP/1.1 200 OK"
2025-09-27 15:32:49,605 - httpx - INFO - HTTP Request: POST https://api.telegram.org/bot8469388059:AAEwHHPNzR3oUzI6ai9E4p4CXDHI8mVjzo4/getUpdates "HTTP/1.1 200 OK"
2025-09-27 15:32:59,656 - httpx - INFO - HTTP Request: POST https://api.telegram.org/bot8469388059:AAEwHHPNzR3oUzI6ai9E4p4CXDHI8mVjzo4/getUpdates "HTTP/1.1 200 OK"
2025-09-27 15:33:09,708 - httpx - INFO - HTTP Request: POST https://api.telegram.org/bot8469388059:AAEwHHPNzR3oUzI6ai9E4p4CXDHI8mVjzo4/getUpdates "HTTP/1.1 200 OK"
2025-09-27 15:33:19,760 - httpx - INFO - HTTP Request: POST https://api.telegram.org/bot8469388059:AAEwHHPNzR3oUzI6ai9E4p4CXDHI8mVjzo4/getUpdates "HTTP/1.1 200 OK"
2025-09-27 15:33:29,820 - httpx - INFO - HTTP Request: POST https://api.telegram.org/bot8469388059:AAEwHHPNzR3oUzI6ai9E4p4CXDHI8mVjzo4/getUpdates "HTTP/1.1 200 OK"
2025-09-27 15:33:39,961 - httpx - INFO - HTTP Request: POST https://api.telegram.org/bot8469388059:AAEwHHPNzR3oUzI6ai9E4p4CXDHI8mVjzo4/getUpdates "HTTP/1.1 200 OK"
2025-09-27 15:33:50,008 - httpx - INFO - HTTP Request: POST https://api.telegram.org/bot8469388059:AAEwHHPNzR3oUzI6ai9E4p4CXDHI8mVjzo4/getUpdates "HTTP/1.1 200 OK"
2025-09-27 15:34:00,054 - httpx - INFO - HTTP Request: POST https://api.telegram.org/bot8469388059:AAEwHHPNzR3oUzI6ai9E4p4CXDHI8mVjzo4/getUpdates "HTTP/1.1 200 OK"
2025-09-27 15:34:10,102 - httpx - INFO - HTTP Request: POST https://api.telegram.org/bot8469388059:AAEwHHPNzR3oUzI6ai9E4p4CXDHI8mVjzo4/getUpdates "HTTP/1.1 200 OK"
2025-09-27 15:34:20,149 - httpx - INFO - HTTP Request: POST https://api.telegram.org/bot8469388059:AAEwHHPNzR3oUzI6ai9E4p4CXDHI8mVjzo4/getUpdates "HTTP/1.1 200 OK"
2025-09-27 15:34:30,200 - httpx - INFO - HTTP Request: POST https://api.telegram.org/bot8469388059:AAEwHHPNzR3oUzI6ai9E4p4CXDHI8mVjzo4/getUpdates "HTTP/1.1 200 OK"
2025-09-27 15:34:40,247 - httpx - INFO - HTTP Request: POST https://api.telegram.org/bot8469388059:AAEwHHPNzR3oUzI6ai9E4p4CXDHI8mVjzo4/getUpdates "HTTP/1.1 200 OK"
2025-09-27 15:34:50,293 - httpx - INFO - HTTP Request: POST https://api.telegram.org/bot8469388059:AAEwHHPNzR3oUzI6ai9E4p4CXDHI8mVjzo4/getUpdates "HTTP/1.1 200 OK"
2025-09-27 15:35:00,340 - httpx - INFO - HTTP Request: POST https://api.telegram.org/bot8469388059:AAEwHHPNzR3oUzI6ai9E4p4CXDHI8mVjzo4/getUpdates "HTTP/1.1 200 OK"
2025-09-27 15:35:10,388 - httpx - INFO - HTTP Request: POST https://api.telegram.org/bot8469388059:AAEwHHPNzR3oUzI6ai9E4p4CXDHI8mVjzo4/getUpdates "HTTP/1.1 200 OK"
2025-09-27 15:35:20,438 - httpx - INFO - HTTP Request: POST https://api.telegram.org/bot8469388059:AAEwHHPNzR3oUzI6ai9E4p4CXDHI8mVjzo4/getUpdates "HTTP/1.1 200 OK"
2025-09-27 15:35:30,488 - httpx - INFO - HTTP Request: POST https://api.telegram.org/bot8469388059:AAEwHHPNzR3oUzI6ai9E4p4CXDHI8mVjzo4/getUpdates "HTTP/1.1 200 OK"
2025-09-27 15:35:40,535 - httpx - INFO - HTTP Request: POST https://api.telegram.org/bot8469388059:AAEwHHPNzR3oUzI6ai9E4p4CXDHI8mVjzo4/getUpdates "HTTP/1.1 200 OK"
2025-09-27 15:35:50,582 - httpx - INFO - HTTP Request: POST https://api.telegram.org/bot8469388059:AAEwHHPNzR3oUzI6ai9E4p4CXDHI8mVjzo4/getUpdates "HTTP/1.1 200 OK"
2025-09-27 15:36:00,628 - httpx - INFO - HTTP Request: POST https://api.telegram.org/bot8469388059:AAEwHHPNzR3oUzI6ai9E4p4CXDHI8mVjzo4/getUpdates "HTTP/1.1 200 OK"
2025-09-27 15:36:10,676 - httpx - INFO - HTTP Request: POST https://api.telegram.org/bot8469388059:AAEwHHPNzR3oUzI6ai9E4p4CXDHI8mVjzo4/getUpdates "HTTP/1.1 200 OK"
2025-09-27 15:36:20,722 - httpx - INFO - HTTP Request: POST https://api.telegram.org/bot8469388059:AAEwHHPNzR3oUzI6ai9E4p4CXDHI8mVjzo4/getUpdates "HTTP/1.1 200 OK"
2025-09-27 15:36:30,770 - httpx - INFO - HTTP Request: POST https://api.telegram.org/bot8469388059:AAEwHHPNzR3oUzI6ai9E4p4CXDHI8mVjzo4/getUpdates "HTTP/1.1 200 OK"
2025-09-27 15:36:40,816 - httpx - INFO - HTTP Request: POST https://api.telegram.org/bot8469388059:AAEwHHPNzR3oUzI6ai9E4p4CXDHI8mVjzo4/getUpdates "HTTP/1.1 200 OK"
2025-09-27 15:36:50,862 - httpx - INFO - HTTP Request: POST https://api.telegram.org/bot8469388059:AAEwHHPNzR3oUzI6ai9E4p4CXDHI8mVjzo4/getUpdates "HTTP/1.1 200 OK"
2025-09-27 15:37:00,910 - httpx - INFO - HTTP Request: POST https://api.telegram.org/bot8469388059:AAEwHHPNzR3oUzI6ai9E4p4CXDHI8mVjzo4/getUpdates "HTTP/1.1 200 OK"
2025-09-27 15:37:10,956 - httpx - INFO - HTTP Request: POST https://api.telegram.org/bot8469388059:AAEwHHPNzR3oUzI6ai9E4p4CXDHI8mVjzo4/getUpdates "HTTP/1.1 200 OK"
2025-09-27 15:37:21,005 - httpx - INFO - HTTP Request: POST https://api.telegram.org/bot8469388059:AAEwHHPNzR3oUzI6ai9E4p4CXDHI8mVjzo4/getUpdates "HTTP/1.1 200 OK"
2025-09-27 15:37:31,054 - httpx - INFO - HTTP Request: POST https://api.telegram.org/bot8469388059:AAEwHHPNzR3oUzI6ai9E4p4CXDHI8mVjzo4/getUpdates "HTTP/1.1 200 OK"
2025-09-27 15:37:41,102 - httpx - INFO - HTTP Request: POST https://api.telegram.org/bot8469388059:AAEwHHPNzR3oUzI6ai9E4p4CXDHI8mVjzo4/getUpdates "HTTP/1.1 200 OK"
2025-09-27 15:37:51,149 - httpx - INFO - HTTP Request: POST https://api.telegram.org/bot8469388059:AAEwHHPNzR3oUzI6ai9E4p4CXDHI8mVjzo4/getUpdates "HTTP/1.1 200 OK"
2025-09-27 15:38:01,196 - httpx - INFO - HTTP Request: POST https://api.telegram.org/bot8469388059:AAEwHHPNzR3oUzI6ai9E4p4CXDHI8mVjzo4/getUpdates "HTTP/1.1 200 OK"
2025-09-27 15:38:11,243 - httpx - INFO - HTTP Request: POST https://api.telegram.org/bot8469388059:AAEwHHPNzR3oUzI6ai9E4p4CXDHI8mVjzo4/getUpdates "HTTP/1.1 200 OK"
2025-09-27 15:38:21,290 - httpx - INFO - HTTP Request: POST https://api.telegram.org/bot8469388059:AAEwHHPNzR3oUzI6ai9E4p4CXDHI8mVjzo4/getUpdates "HTTP/1.1 200 OK"
2025-09-27 15:38:31,339 - httpx - INFO - HTTP Request: POST https://api.telegram.org/bot8469388059:AAEwHHPNzR3oUzI6ai9E4p4CXDHI8mVjzo4/getUpdates "HTTP/1.1 200 OK"
2025-09-27 15:38:41,387 - httpx - INFO - HTTP Request: POST https://api.telegram.org/bot8469388059:AAEwHHPNzR3oUzI6ai9E4p4CXDHI8mVjzo4/getUpdates "HTTP/1.1 200 OK"
2025-09-27 15:38:51,435 - httpx - INFO - HTTP Request: POST https://api.telegram.org/bot8469388059:AAEwHHPNzR3oUzI6ai9E4p4CXDHI8mVjzo4/getUpdates "HTTP/1.1 200 OK"
2025-09-27 15:39:01,482 - httpx - INFO - HTTP Request: POST https://api.telegram.org/bot8469388059:AAEwHHPNzR3oUzI6ai9E4p4CXDHI8mVjzo4/getUpdates "HTTP/1.1 200 OK"
2025-09-27 15:39:11,529 - httpx - INFO - HTTP Request: POST https://api.telegram.org/bot8469388059:AAEwHHPNzR3oUzI6ai9E4p4CXDHI8mVjzo4/getUpdates "HTTP/1.1 200 OK"
2025-09-27 15:39:21,579 - httpx - INFO - HTTP Request: POST https://api.telegram.org/bot8469388059:AAEwHHPNzR3oUzI6ai9E4p4CXDHI8mVjzo4/getUpdates "HTTP/1.1 200 OK"
